"MSN","YYYYMM","Value","Column_Order","Description","Unit"
"SOTCBUS",198401,"-0.001",7,"Solar Energy Consumption","Trillion Btu"
"SOTCBUS",198402,"0.001",7,"Solar Energy Consumption","Trillion Btu"
"SOTCBUS",198403,"0.002",7,"Solar Energy Consumption","Trillion Btu"
"SOTCBUS",198404,"0.003",7,"Solar Energy Consumption","Trillion Btu"
"SOTCBUS",198405,"0.007",7,"Solar Energy Consumption","Trillion Btu"
"SOTCBUS",198406,"0.01",7,"Solar Energy Consumption","Trillion Btu"
"SOTCBUS",198407,"0.003",7,"Solar Energy Consumption","Trillion Btu"
"SOTCBUS",198408,"0.009",7,"Solar Energy Consumption","Trillion Btu"
"SOTCBUS",198409,"0.01",7,"Solar Energy Consumption","Trillion Btu"
"SOTCBUS",198410,"0.007",7,"Solar Energy Consumption","Trillion Btu"
"SOTCBUS",198411,"0.004",7,"Solar Energy Consumption","Trillion Btu"
"SOTCBUS",198412,"0",7,"Solar Energy Consumption","Trillion Btu"
"SOTCBUS",198413,"0.055",7,"Solar Energy Consumption","Trillion Btu"
"SOTCBUS",198501,"0.005",7,"Solar Energy Consumption","Trillion Btu"
"SOTCBUS",198502,"-0.001",7,"Solar Energy Consumption","Trillion Btu"
"SOTCBUS",198503,"0.001",7,"Solar Energy Consumption","Trillion Btu"
"SOTCBUS",198504,"0.013",7,"Solar Energy Consumption","Trillion Btu"
"SOTCBUS",198505,"0.015",7,"Solar Energy Consumption","Trillion Btu"
"SOTCBUS",198506,"0.016",7,"Solar Energy Consumption","Trillion Btu"
"SOTCBUS",198507,"0.011",7,"Solar Energy Consumption","Trillion Btu"
"SOTCBUS",198508,"0.021",7,"Solar Energy Consumption","Trillion Btu"
"SOTCBUS",198509,"0.014",7,"Solar Energy Consumption","Trillion Btu"
"SOTCBUS",198510,"0.01",7,"Solar Energy Consumption","Trillion Btu"
"SOTCBUS",198511,"0.003",7,"Solar Energy Consumption","Trillion Btu"
"SOTCBUS",198512,"0.002",7,"Solar Energy Consumption","Trillion Btu"
"SOTCBUS",198513,"0.111",7,"Solar Energy Consumption","Trillion Btu"
"SOTCBUS",198601,"0.007",7,"Solar Energy Consumption","Trillion Btu"
"SOTCBUS",198602,"0.006",7,"Solar Energy Consumption","Trillion Btu"
"SOTCBUS",198603,"0.011",7,"Solar Energy Consumption","Trillion Btu"
"SOTCBUS",198604,"0.014",7,"Solar Energy Consumption","Trillion Btu"
"SOTCBUS",198605,"0.019",7,"Solar Energy Consumption","Trillion Btu"
"SOTCBUS",198606,"0.015",7,"Solar Energy Consumption","Trillion Btu"
"SOTCBUS",198607,"0.017",7,"Solar Energy Consumption","Trillion Btu"
"SOTCBUS",198608,"0.017",7,"Solar Energy Consumption","Trillion Btu"
"SOTCBUS",198609,"0.015",7,"Solar Energy Consumption","Trillion Btu"
"SOTCBUS",198610,"0.013",7,"Solar Energy Consumption","Trillion Btu"
"SOTCBUS",198611,"0.009",7,"Solar Energy Consumption","Trillion Btu"
"SOTCBUS",198612,"0.003",7,"Solar Energy Consumption","Trillion Btu"
"SOTCBUS",198613,"0.147",7,"Solar Energy Consumption","Trillion Btu"
"SOTCBUS",198701,"0.001",7,"Solar Energy Consumption","Trillion Btu"
"SOTCBUS",198702,"0.006",7,"Solar Energy Consumption","Trillion Btu"
"SOTCBUS",198703,"0.009",7,"Solar Energy Consumption","Trillion Btu"
"SOTCBUS",198704,"0.013",7,"Solar Energy Consumption","Trillion Btu"
"SOTCBUS",198705,"0.013",7,"Solar Energy Consumption","Trillion Btu"
"SOTCBUS",198706,"0.017",7,"Solar Energy Consumption","Trillion Btu"
"SOTCBUS",198707,"0.019",7,"Solar Energy Consumption","Trillion Btu"
"SOTCBUS",198708,"0.012",7,"Solar Energy Consumption","Trillion Btu"
"SOTCBUS",198709,"0.008",7,"Solar Energy Consumption","Trillion Btu"
"SOTCBUS",198710,"0.006",7,"Solar Energy Consumption","Trillion Btu"
"SOTCBUS",198711,"0.003",7,"Solar Energy Consumption","Trillion Btu"
"SOTCBUS",198712,"0.002",7,"Solar Energy Consumption","Trillion Btu"
"SOTCBUS",198713,"0.109",7,"Solar Energy Consumption","Trillion Btu"
"SOTCBUS",198801,"0.005",7,"Solar Energy Consumption","Trillion Btu"
"SOTCBUS",198802,"0.008",7,"Solar Energy Consumption","Trillion Btu"
"SOTCBUS",198803,"0.013",7,"Solar Energy Consumption","Trillion Btu"
"SOTCBUS",198804,"0.005",7,"Solar Energy Consumption","Trillion Btu"
"SOTCBUS",198805,"0.013",7,"Solar Energy Consumption","Trillion Btu"
"SOTCBUS",198806,"0.014",7,"Solar Energy Consumption","Trillion Btu"
"SOTCBUS",198807,"0.012",7,"Solar Energy Consumption","Trillion Btu"
"SOTCBUS",198808,"0.012",7,"Solar Energy Consumption","Trillion Btu"
"SOTCBUS",198809,"0.01",7,"Solar Energy Consumption","Trillion Btu"
"SOTCBUS",198810,"0.001",7,"Solar Energy Consumption","Trillion Btu"
"SOTCBUS",198811,"0.001",7,"Solar Energy Consumption","Trillion Btu"
"SOTCBUS",198812,"0.001",7,"Solar Energy Consumption","Trillion Btu"
"SOTCBUS",198813,"0.094",7,"Solar Energy Consumption","Trillion Btu"
"SOTCBUS",198901,"2.882",7,"Solar Energy Consumption","Trillion Btu"
"SOTCBUS",198902,"3.106",7,"Solar Energy Consumption","Trillion Btu"
"SOTCBUS",198903,"4.372",7,"Solar Energy Consumption","Trillion Btu"
"SOTCBUS",198904,"4.846",7,"Solar Energy Consumption","Trillion Btu"
"SOTCBUS",198905,"5.24",7,"Solar Energy Consumption","Trillion Btu"
"SOTCBUS",198906,"5.349",7,"Solar Energy Consumption","Trillion Btu"
"SOTCBUS",198907,"5.75",7,"Solar Energy Consumption","Trillion Btu"
"SOTCBUS",198908,"5.596",7,"Solar Energy Consumption","Trillion Btu"
"SOTCBUS",198909,"5.183",7,"Solar Energy Consumption","Trillion Btu"
"SOTCBUS",198910,"4.718",7,"Solar Energy Consumption","Trillion Btu"
"SOTCBUS",198911,"3.886",7,"Solar Energy Consumption","Trillion Btu"
"SOTCBUS",198912,"3.552",7,"Solar Energy Consumption","Trillion Btu"
"SOTCBUS",198913,"54.483",7,"Solar Energy Consumption","Trillion Btu"
"SOTCBUS",199001,"3.134",7,"Solar Energy Consumption","Trillion Btu"
"SOTCBUS",199002,"3.397",7,"Solar Energy Consumption","Trillion Btu"
"SOTCBUS",199003,"4.688",7,"Solar Energy Consumption","Trillion Btu"
"SOTCBUS",199004,"5.163",7,"Solar Energy Consumption","Trillion Btu"
"SOTCBUS",199005,"5.866",7,"Solar Energy Consumption","Trillion Btu"
"SOTCBUS",199006,"5.824",7,"Solar Energy Consumption","Trillion Btu"
"SOTCBUS",199007,"6.185",7,"Solar Energy Consumption","Trillion Btu"
"SOTCBUS",199008,"6.149",7,"Solar Energy Consumption","Trillion Btu"
"SOTCBUS",199009,"5.471",7,"Solar Energy Consumption","Trillion Btu"
"SOTCBUS",199010,"5.04",7,"Solar Energy Consumption","Trillion Btu"
"SOTCBUS",199011,"4.016",7,"Solar Energy Consumption","Trillion Btu"
"SOTCBUS",199012,"3.852",7,"Solar Energy Consumption","Trillion Btu"
"SOTCBUS",199013,"58.787",7,"Solar Energy Consumption","Trillion Btu"
"SOTCBUS",199101,"3.281",7,"Solar Energy Consumption","Trillion Btu"
"SOTCBUS",199102,"3.536",7,"Solar Energy Consumption","Trillion Btu"
"SOTCBUS",199103,"4.627",7,"Solar Energy Consumption","Trillion Btu"
"SOTCBUS",199104,"5.098",7,"Solar Energy Consumption","Trillion Btu"
"SOTCBUS",199105,"6.208",7,"Solar Energy Consumption","Trillion Btu"
"SOTCBUS",199106,"6.303",7,"Solar Energy Consumption","Trillion Btu"
"SOTCBUS",199107,"6.742",7,"Solar Energy Consumption","Trillion Btu"
"SOTCBUS",199108,"6.567",7,"Solar Energy Consumption","Trillion Btu"
"SOTCBUS",199109,"5.937",7,"Solar Energy Consumption","Trillion Btu"
"SOTCBUS",199110,"5.21",7,"Solar Energy Consumption","Trillion Btu"
"SOTCBUS",199111,"4.231",7,"Solar Energy Consumption","Trillion Btu"
"SOTCBUS",199112,"3.903",7,"Solar Energy Consumption","Trillion Btu"
"SOTCBUS",199113,"61.644",7,"Solar Energy Consumption","Trillion Btu"
"SOTCBUS",199201,"3.274",7,"Solar Energy Consumption","Trillion Btu"
"SOTCBUS",199202,"3.547",7,"Solar Energy Consumption","Trillion Btu"
"SOTCBUS",199203,"4.875",7,"Solar Energy Consumption","Trillion Btu"
"SOTCBUS",199204,"5.514",7,"Solar Energy Consumption","Trillion Btu"
"SOTCBUS",199205,"6.239",7,"Solar Energy Consumption","Trillion Btu"
"SOTCBUS",199206,"6.28",7,"Solar Energy Consumption","Trillion Btu"
"SOTCBUS",199207,"6.737",7,"Solar Energy Consumption","Trillion Btu"
"SOTCBUS",199208,"6.656",7,"Solar Energy Consumption","Trillion Btu"
"SOTCBUS",199209,"5.977",7,"Solar Energy Consumption","Trillion Btu"
"SOTCBUS",199210,"5.402",7,"Solar Energy Consumption","Trillion Btu"
"SOTCBUS",199211,"4.406",7,"Solar Energy Consumption","Trillion Btu"
"SOTCBUS",199212,"3.997",7,"Solar Energy Consumption","Trillion Btu"
"SOTCBUS",199213,"62.903",7,"Solar Energy Consumption","Trillion Btu"
"SOTCBUS",199301,"3.371",7,"Solar Energy Consumption","Trillion Btu"
"SOTCBUS",199302,"3.713",7,"Solar Energy Consumption","Trillion Btu"
"SOTCBUS",199303,"5.22",7,"Solar Energy Consumption","Trillion Btu"
"SOTCBUS",199304,"5.918",7,"Solar Energy Consumption","Trillion Btu"
"SOTCBUS",199305,"6.428",7,"Solar Energy Consumption","Trillion Btu"
"SOTCBUS",199306,"6.336",7,"Solar Energy Consumption","Trillion Btu"
"SOTCBUS",199307,"6.912",7,"Solar Energy Consumption","Trillion Btu"
"SOTCBUS",199308,"6.907",7,"Solar Energy Consumption","Trillion Btu"
"SOTCBUS",199309,"6.241",7,"Solar Energy Consumption","Trillion Btu"
"SOTCBUS",199310,"5.506",7,"Solar Energy Consumption","Trillion Btu"
"SOTCBUS",199311,"4.506",7,"Solar Energy Consumption","Trillion Btu"
"SOTCBUS",199312,"4.158",7,"Solar Energy Consumption","Trillion Btu"
"SOTCBUS",199313,"65.215",7,"Solar Energy Consumption","Trillion Btu"
"SOTCBUS",199401,"3.628",7,"Solar Energy Consumption","Trillion Btu"
"SOTCBUS",199402,"3.851",7,"Solar Energy Consumption","Trillion Btu"
"SOTCBUS",199403,"5.51",7,"Solar Energy Consumption","Trillion Btu"
"SOTCBUS",199404,"6.006",7,"Solar Energy Consumption","Trillion Btu"
"SOTCBUS",199405,"6.599",7,"Solar Energy Consumption","Trillion Btu"
"SOTCBUS",199406,"6.72",7,"Solar Energy Consumption","Trillion Btu"
"SOTCBUS",199407,"6.991",7,"Solar Energy Consumption","Trillion Btu"
"SOTCBUS",199408,"6.783",7,"Solar Energy Consumption","Trillion Btu"
"SOTCBUS",199409,"6.327",7,"Solar Energy Consumption","Trillion Btu"
"SOTCBUS",199410,"5.876",7,"Solar Energy Consumption","Trillion Btu"
"SOTCBUS",199411,"4.633",7,"Solar Energy Consumption","Trillion Btu"
"SOTCBUS",199412,"4.231",7,"Solar Energy Consumption","Trillion Btu"
"SOTCBUS",199413,"67.155",7,"Solar Energy Consumption","Trillion Btu"
"SOTCBUS",199501,"3.474",7,"Solar Energy Consumption","Trillion Btu"
"SOTCBUS",199502,"3.78",7,"Solar Energy Consumption","Trillion Btu"
"SOTCBUS",199503,"5.263",7,"Solar Energy Consumption","Trillion Btu"
"SOTCBUS",199504,"6.128",7,"Solar Energy Consumption","Trillion Btu"
"SOTCBUS",199505,"6.883",7,"Solar Energy Consumption","Trillion Btu"
"SOTCBUS",199506,"7.076",7,"Solar Energy Consumption","Trillion Btu"
"SOTCBUS",199507,"7.296",7,"Solar Energy Consumption","Trillion Btu"
"SOTCBUS",199508,"7.204",7,"Solar Energy Consumption","Trillion Btu"
"SOTCBUS",199509,"6.449",7,"Solar Energy Consumption","Trillion Btu"
"SOTCBUS",199510,"5.757",7,"Solar Energy Consumption","Trillion Btu"
"SOTCBUS",199511,"4.678",7,"Solar Energy Consumption","Trillion Btu"
"SOTCBUS",199512,"4.278",7,"Solar Energy Consumption","Trillion Btu"
"SOTCBUS",199513,"68.265",7,"Solar Energy Consumption","Trillion Btu"
"SOTCBUS",199601,"3.59",7,"Solar Energy Consumption","Trillion Btu"
"SOTCBUS",199602,"3.922",7,"Solar Energy Consumption","Trillion Btu"
"SOTCBUS",199603,"5.744",7,"Solar Energy Consumption","Trillion Btu"
"SOTCBUS",199604,"6.425",7,"Solar Energy Consumption","Trillion Btu"
"SOTCBUS",199605,"7.13",7,"Solar Energy Consumption","Trillion Btu"
"SOTCBUS",199606,"7.244",7,"Solar Energy Consumption","Trillion Btu"
"SOTCBUS",199607,"7.35",7,"Solar Energy Consumption","Trillion Btu"
"SOTCBUS",199608,"6.875",7,"Solar Energy Consumption","Trillion Btu"
"SOTCBUS",199609,"6.073",7,"Solar Energy Consumption","Trillion Btu"
"SOTCBUS",199610,"5.733",7,"Solar Energy Consumption","Trillion Btu"
"SOTCBUS",199611,"4.669",7,"Solar Energy Consumption","Trillion Btu"
"SOTCBUS",199612,"4.415",7,"Solar Energy Consumption","Trillion Btu"
"SOTCBUS",199613,"69.171",7,"Solar Energy Consumption","Trillion Btu"
"SOTCBUS",199701,"3.532",7,"Solar Energy Consumption","Trillion Btu"
"SOTCBUS",199702,"4.028",7,"Solar Energy Consumption","Trillion Btu"
"SOTCBUS",199703,"5.527",7,"Solar Energy Consumption","Trillion Btu"
"SOTCBUS",199704,"6.219",7,"Solar Energy Consumption","Trillion Btu"
"SOTCBUS",199705,"6.706",7,"Solar Energy Consumption","Trillion Btu"
"SOTCBUS",199706,"7.02",7,"Solar Energy Consumption","Trillion Btu"
"SOTCBUS",199707,"7.271",7,"Solar Energy Consumption","Trillion Btu"
"SOTCBUS",199708,"7.079",7,"Solar Energy Consumption","Trillion Btu"
"SOTCBUS",199709,"6.24",7,"Solar Energy Consumption","Trillion Btu"
"SOTCBUS",199710,"5.706",7,"Solar Energy Consumption","Trillion Btu"
"SOTCBUS",199711,"4.575",7,"Solar Energy Consumption","Trillion Btu"
"SOTCBUS",199712,"4.305",7,"Solar Energy Consumption","Trillion Btu"
"SOTCBUS",199713,"68.208",7,"Solar Energy Consumption","Trillion Btu"
"SOTCBUS",199801,"3.468",7,"Solar Energy Consumption","Trillion Btu"
"SOTCBUS",199802,"3.711",7,"Solar Energy Consumption","Trillion Btu"
"SOTCBUS",199803,"5.527",7,"Solar Energy Consumption","Trillion Btu"
"SOTCBUS",199804,"6.097",7,"Solar Energy Consumption","Trillion Btu"
"SOTCBUS",199805,"6.491",7,"Solar Energy Consumption","Trillion Btu"
"SOTCBUS",199806,"6.843",7,"Solar Energy Consumption","Trillion Btu"
"SOTCBUS",199807,"7.294",7,"Solar Energy Consumption","Trillion Btu"
"SOTCBUS",199808,"7.143",7,"Solar Energy Consumption","Trillion Btu"
"SOTCBUS",199809,"6.367",7,"Solar Energy Consumption","Trillion Btu"
"SOTCBUS",199810,"5.703",7,"Solar Energy Consumption","Trillion Btu"
"SOTCBUS",199811,"4.57",7,"Solar Energy Consumption","Trillion Btu"
"SOTCBUS",199812,"4.281",7,"Solar Energy Consumption","Trillion Btu"
"SOTCBUS",199813,"67.496",7,"Solar Energy Consumption","Trillion Btu"
"SOTCBUS",199901,"3.386",7,"Solar Energy Consumption","Trillion Btu"
"SOTCBUS",199902,"3.709",7,"Solar Energy Consumption","Trillion Btu"
"SOTCBUS",199903,"5.305",7,"Solar Energy Consumption","Trillion Btu"
"SOTCBUS",199904,"5.975",7,"Solar Energy Consumption","Trillion Btu"
"SOTCBUS",199905,"6.625",7,"Solar Energy Consumption","Trillion Btu"
"SOTCBUS",199906,"6.707",7,"Solar Energy Consumption","Trillion Btu"
"SOTCBUS",199907,"7.012",7,"Solar Energy Consumption","Trillion Btu"
"SOTCBUS",199908,"6.825",7,"Solar Energy Consumption","Trillion Btu"
"SOTCBUS",199909,"6.103",7,"Solar Energy Consumption","Trillion Btu"
"SOTCBUS",199910,"5.706",7,"Solar Energy Consumption","Trillion Btu"
"SOTCBUS",199911,"4.529",7,"Solar Energy Consumption","Trillion Btu"
"SOTCBUS",199912,"4.239",7,"Solar Energy Consumption","Trillion Btu"
"SOTCBUS",199913,"66.12",7,"Solar Energy Consumption","Trillion Btu"
"SOTCBUS",200001,"3.262",7,"Solar Energy Consumption","Trillion Btu"
"SOTCBUS",200002,"3.632",7,"Solar Energy Consumption","Trillion Btu"
"SOTCBUS",200003,"4.986",7,"Solar Energy Consumption","Trillion Btu"
"SOTCBUS",200004,"5.564",7,"Solar Energy Consumption","Trillion Btu"
"SOTCBUS",200005,"6.285",7,"Solar Energy Consumption","Trillion Btu"
"SOTCBUS",200006,"6.372",7,"Solar Energy Consumption","Trillion Btu"
"SOTCBUS",200007,"6.907",7,"Solar Energy Consumption","Trillion Btu"
"SOTCBUS",200008,"6.68",7,"Solar Energy Consumption","Trillion Btu"
"SOTCBUS",200009,"6.105",7,"Solar Energy Consumption","Trillion Btu"
"SOTCBUS",200010,"5.4",7,"Solar Energy Consumption","Trillion Btu"
"SOTCBUS",200011,"4.297",7,"Solar Energy Consumption","Trillion Btu"
"SOTCBUS",200012,"4.042",7,"Solar Energy Consumption","Trillion Btu"
"SOTCBUS",200013,"63.531",7,"Solar Energy Consumption","Trillion Btu"
"SOTCBUS",200101,"3.109",7,"Solar Energy Consumption","Trillion Btu"
"SOTCBUS",200102,"3.408",7,"Solar Energy Consumption","Trillion Btu"
"SOTCBUS",200103,"4.843",7,"Solar Energy Consumption","Trillion Btu"
"SOTCBUS",200104,"5.379",7,"Solar Energy Consumption","Trillion Btu"
"SOTCBUS",200105,"6.334",7,"Solar Energy Consumption","Trillion Btu"
"SOTCBUS",200106,"6.487",7,"Solar Energy Consumption","Trillion Btu"
"SOTCBUS",200107,"6.772",7,"Solar Energy Consumption","Trillion Btu"
"SOTCBUS",200108,"6.643",7,"Solar Energy Consumption","Trillion Btu"
"SOTCBUS",200109,"5.924",7,"Solar Energy Consumption","Trillion Btu"
"SOTCBUS",200110,"5.004",7,"Solar Energy Consumption","Trillion Btu"
"SOTCBUS",200111,"4.076",7,"Solar Energy Consumption","Trillion Btu"
"SOTCBUS",200112,"3.771",7,"Solar Energy Consumption","Trillion Btu"
"SOTCBUS",200113,"61.749",7,"Solar Energy Consumption","Trillion Btu"
"SOTCBUS",200201,"3.063",7,"Solar Energy Consumption","Trillion Btu"
"SOTCBUS",200202,"3.418",7,"Solar Energy Consumption","Trillion Btu"
"SOTCBUS",200203,"4.831",7,"Solar Energy Consumption","Trillion Btu"
"SOTCBUS",200204,"5.293",7,"Solar Energy Consumption","Trillion Btu"
"SOTCBUS",200205,"5.914",7,"Solar Energy Consumption","Trillion Btu"
"SOTCBUS",200206,"6.348",7,"Solar Energy Consumption","Trillion Btu"
"SOTCBUS",200207,"6.514",7,"Solar Energy Consumption","Trillion Btu"
"SOTCBUS",200208,"6.347",7,"Solar Energy Consumption","Trillion Btu"
"SOTCBUS",200209,"5.629",7,"Solar Energy Consumption","Trillion Btu"
"SOTCBUS",200210,"4.957",7,"Solar Energy Consumption","Trillion Btu"
"SOTCBUS",200211,"4.095",7,"Solar Energy Consumption","Trillion Btu"
"SOTCBUS",200212,"3.659",7,"Solar Energy Consumption","Trillion Btu"
"SOTCBUS",200213,"60.068",7,"Solar Energy Consumption","Trillion Btu"
"SOTCBUS",200301,"3.012",7,"Solar Energy Consumption","Trillion Btu"
"SOTCBUS",200302,"3.283",7,"Solar Energy Consumption","Trillion Btu"
"SOTCBUS",200303,"4.781",7,"Solar Energy Consumption","Trillion Btu"
"SOTCBUS",200304,"5.322",7,"Solar Energy Consumption","Trillion Btu"
"SOTCBUS",200305,"5.889",7,"Solar Energy Consumption","Trillion Btu"
"SOTCBUS",200306,"6.166",7,"Solar Energy Consumption","Trillion Btu"
"SOTCBUS",200307,"6.141",7,"Solar Energy Consumption","Trillion Btu"
"SOTCBUS",200308,"6.08",7,"Solar Energy Consumption","Trillion Btu"
"SOTCBUS",200309,"5.538",7,"Solar Energy Consumption","Trillion Btu"
"SOTCBUS",200310,"4.891",7,"Solar Energy Consumption","Trillion Btu"
"SOTCBUS",200311,"3.86",7,"Solar Energy Consumption","Trillion Btu"
"SOTCBUS",200312,"3.572",7,"Solar Energy Consumption","Trillion Btu"
"SOTCBUS",200313,"58.534",7,"Solar Energy Consumption","Trillion Btu"
"SOTCBUS",200401,"2.983",7,"Solar Energy Consumption","Trillion Btu"
"SOTCBUS",200402,"3.189",7,"Solar Energy Consumption","Trillion Btu"
"SOTCBUS",200403,"4.774",7,"Solar Energy Consumption","Trillion Btu"
"SOTCBUS",200404,"5.247",7,"Solar Energy Consumption","Trillion Btu"
"SOTCBUS",200405,"5.982",7,"Solar Energy Consumption","Trillion Btu"
"SOTCBUS",200406,"6.09",7,"Solar Energy Consumption","Trillion Btu"
"SOTCBUS",200407,"6.291",7,"Solar Energy Consumption","Trillion Btu"
"SOTCBUS",200408,"6.142",7,"Solar Energy Consumption","Trillion Btu"
"SOTCBUS",200409,"5.544",7,"Solar Energy Consumption","Trillion Btu"
"SOTCBUS",200410,"4.835",7,"Solar Energy Consumption","Trillion Btu"
"SOTCBUS",200411,"3.844",7,"Solar Energy Consumption","Trillion Btu"
"SOTCBUS",200412,"3.581",7,"Solar Energy Consumption","Trillion Btu"
"SOTCBUS",200413,"58.501",7,"Solar Energy Consumption","Trillion Btu"
"SOTCBUS",200501,"2.935",7,"Solar Energy Consumption","Trillion Btu"
"SOTCBUS",200502,"3.201",7,"Solar Energy Consumption","Trillion Btu"
"SOTCBUS",200503,"4.612",7,"Solar Energy Consumption","Trillion Btu"
"SOTCBUS",200504,"5.245",7,"Solar Energy Consumption","Trillion Btu"
"SOTCBUS",200505,"5.959",7,"Solar Energy Consumption","Trillion Btu"
"SOTCBUS",200506,"6.078",7,"Solar Energy Consumption","Trillion Btu"
"SOTCBUS",200507,"6.176",7,"Solar Energy Consumption","Trillion Btu"
"SOTCBUS",200508,"6.154",7,"Solar Energy Consumption","Trillion Btu"
"SOTCBUS",200509,"5.532",7,"Solar Energy Consumption","Trillion Btu"
"SOTCBUS",200510,"4.862",7,"Solar Energy Consumption","Trillion Btu"
"SOTCBUS",200511,"3.807",7,"Solar Energy Consumption","Trillion Btu"
"SOTCBUS",200512,"3.52",7,"Solar Energy Consumption","Trillion Btu"
"SOTCBUS",200513,"58.081",7,"Solar Energy Consumption","Trillion Btu"
"SOTCBUS",200601,"3.162",7,"Solar Energy Consumption","Trillion Btu"
"SOTCBUS",200602,"3.463",7,"Solar Energy Consumption","Trillion Btu"
"SOTCBUS",200603,"4.836",7,"Solar Energy Consumption","Trillion Btu"
"SOTCBUS",200604,"5.482",7,"Solar Energy Consumption","Trillion Btu"
"SOTCBUS",200605,"6.183",7,"Solar Energy Consumption","Trillion Btu"
"SOTCBUS",200606,"6.222",7,"Solar Energy Consumption","Trillion Btu"
"SOTCBUS",200607,"6.418",7,"Solar Energy Consumption","Trillion Btu"
"SOTCBUS",200608,"6.569",7,"Solar Energy Consumption","Trillion Btu"
"SOTCBUS",200609,"5.776",7,"Solar Energy Consumption","Trillion Btu"
"SOTCBUS",200610,"5.096",7,"Solar Energy Consumption","Trillion Btu"
"SOTCBUS",200611,"4.073",7,"Solar Energy Consumption","Trillion Btu"
"SOTCBUS",200612,"3.746",7,"Solar Energy Consumption","Trillion Btu"
"SOTCBUS",200613,"61.027",7,"Solar Energy Consumption","Trillion Btu"
"SOTCBUS",200701,"3.375",7,"Solar Energy Consumption","Trillion Btu"
"SOTCBUS",200702,"3.691",7,"Solar Energy Consumption","Trillion Btu"
"SOTCBUS",200703,"5.303",7,"Solar Energy Consumption","Trillion Btu"
"SOTCBUS",200704,"5.855",7,"Solar Energy Consumption","Trillion Btu"
"SOTCBUS",200705,"6.702",7,"Solar Energy Consumption","Trillion Btu"
"SOTCBUS",200706,"6.757",7,"Solar Energy Consumption","Trillion Btu"
"SOTCBUS",200707,"7.065",7,"Solar Energy Consumption","Trillion Btu"
"SOTCBUS",200708,"6.896",7,"Solar Energy Consumption","Trillion Btu"
"SOTCBUS",200709,"6.286",7,"Solar Energy Consumption","Trillion Btu"
"SOTCBUS",200710,"5.601",7,"Solar Energy Consumption","Trillion Btu"
"SOTCBUS",200711,"4.436",7,"Solar Energy Consumption","Trillion Btu"
"SOTCBUS",200712,"4.036",7,"Solar Energy Consumption","Trillion Btu"
"SOTCBUS",200713,"66.003",7,"Solar Energy Consumption","Trillion Btu"
"SOTCBUS",200801,"3.752",7,"Solar Energy Consumption","Trillion Btu"
"SOTCBUS",200802,"4.225",7,"Solar Energy Consumption","Trillion Btu"
"SOTCBUS",200803,"6.07",7,"Solar Energy Consumption","Trillion Btu"
"SOTCBUS",200804,"6.807",7,"Solar Energy Consumption","Trillion Btu"
"SOTCBUS",200805,"7.464",7,"Solar Energy Consumption","Trillion Btu"
"SOTCBUS",200806,"7.812",7,"Solar Energy Consumption","Trillion Btu"
"SOTCBUS",200807,"7.968",7,"Solar Energy Consumption","Trillion Btu"
"SOTCBUS",200808,"7.841",7,"Solar Energy Consumption","Trillion Btu"
"SOTCBUS",200809,"7.118",7,"Solar Energy Consumption","Trillion Btu"
"SOTCBUS",200810,"6.249",7,"Solar Energy Consumption","Trillion Btu"
"SOTCBUS",200811,"4.924",7,"Solar Energy Consumption","Trillion Btu"
"SOTCBUS",200812,"4.588",7,"Solar Energy Consumption","Trillion Btu"
"SOTCBUS",200813,"74.819",7,"Solar Energy Consumption","Trillion Btu"
"SOTCBUS",200901,"3.878",7,"Solar Energy Consumption","Trillion Btu"
"SOTCBUS",200902,"4.402",7,"Solar Energy Consumption","Trillion Btu"
"SOTCBUS",200903,"6.418",7,"Solar Energy Consumption","Trillion Btu"
"SOTCBUS",200904,"7.204",7,"Solar Energy Consumption","Trillion Btu"
"SOTCBUS",200905,"7.959",7,"Solar Energy Consumption","Trillion Btu"
"SOTCBUS",200906,"7.953",7,"Solar Energy Consumption","Trillion Btu"
"SOTCBUS",200907,"8.472",7,"Solar Energy Consumption","Trillion Btu"
"SOTCBUS",200908,"8.349",7,"Solar Energy Consumption","Trillion Btu"
"SOTCBUS",200909,"7.506",7,"Solar Energy Consumption","Trillion Btu"
"SOTCBUS",200910,"6.661",7,"Solar Energy Consumption","Trillion Btu"
"SOTCBUS",200911,"5.313",7,"Solar Energy Consumption","Trillion Btu"
"SOTCBUS",200912,"4.876",7,"Solar Energy Consumption","Trillion Btu"
"SOTCBUS",200913,"78.992",7,"Solar Energy Consumption","Trillion Btu"
"SOTCBUS",201001,"4.468",7,"Solar Energy Consumption","Trillion Btu"
"SOTCBUS",201002,"5.033",7,"Solar Energy Consumption","Trillion Btu"
"SOTCBUS",201003,"7.235",7,"Solar Energy Consumption","Trillion Btu"
"SOTCBUS",201004,"8.252",7,"Solar Energy Consumption","Trillion Btu"
"SOTCBUS",201005,"9.395",7,"Solar Energy Consumption","Trillion Btu"
"SOTCBUS",201006,"9.689",7,"Solar Energy Consumption","Trillion Btu"
"SOTCBUS",201007,"9.943",7,"Solar Energy Consumption","Trillion Btu"
"SOTCBUS",201008,"9.807",7,"Solar Energy Consumption","Trillion Btu"
"SOTCBUS",201009,"8.896",7,"Solar Energy Consumption","Trillion Btu"
"SOTCBUS",201010,"7.62",7,"Solar Energy Consumption","Trillion Btu"
"SOTCBUS",201011,"6.396",7,"Solar Energy Consumption","Trillion Btu"
"SOTCBUS",201012,"5.793",7,"Solar Energy Consumption","Trillion Btu"
"SOTCBUS",201013,"92.527",7,"Solar Energy Consumption","Trillion Btu"
"SOTCBUS",201101,"5.63",7,"Solar Energy Consumption","Trillion Btu"
"SOTCBUS",201102,"6.481",7,"Solar Energy Consumption","Trillion Btu"
"SOTCBUS",201103,"8.976",7,"Solar Energy Consumption","Trillion Btu"
"SOTCBUS",201104,"10.177",7,"Solar Energy Consumption","Trillion Btu"
"SOTCBUS",201105,"11.328",7,"Solar Energy Consumption","Trillion Btu"
"SOTCBUS",201106,"11.726",7,"Solar Energy Consumption","Trillion Btu"
"SOTCBUS",201107,"11.894",7,"Solar Energy Consumption","Trillion Btu"
"SOTCBUS",201108,"12.159",7,"Solar Energy Consumption","Trillion Btu"
"SOTCBUS",201109,"10.864",7,"Solar Energy Consumption","Trillion Btu"
"SOTCBUS",201110,"9.8",7,"Solar Energy Consumption","Trillion Btu"
"SOTCBUS",201111,"7.816",7,"Solar Energy Consumption","Trillion Btu"
"SOTCBUS",201112,"7.601",7,"Solar Energy Consumption","Trillion Btu"
"SOTCBUS",201113,"114.452",7,"Solar Energy Consumption","Trillion Btu"
"SOTCBUS",201201,"7.466",7,"Solar Energy Consumption","Trillion Btu"
"SOTCBUS",201202,"8.357",7,"Solar Energy Consumption","Trillion Btu"
"SOTCBUS",201203,"11.942",7,"Solar Energy Consumption","Trillion Btu"
"SOTCBUS",201204,"13.77",7,"Solar Energy Consumption","Trillion Btu"
"SOTCBUS",201205,"16.255",7,"Solar Energy Consumption","Trillion Btu"
"SOTCBUS",201206,"16.975",7,"Solar Energy Consumption","Trillion Btu"
"SOTCBUS",201207,"17.404",7,"Solar Energy Consumption","Trillion Btu"
"SOTCBUS",201208,"16.816",7,"Solar Energy Consumption","Trillion Btu"
"SOTCBUS",201209,"15.692",7,"Solar Energy Consumption","Trillion Btu"
"SOTCBUS",201210,"14.434",7,"Solar Energy Consumption","Trillion Btu"
"SOTCBUS",201211,"11.777",7,"Solar Energy Consumption","Trillion Btu"
"SOTCBUS",201212,"11.361",7,"Solar Energy Consumption","Trillion Btu"
"SOTCBUS",201213,"162.248",7,"Solar Energy Consumption","Trillion Btu"
"SOTCBUS",201301,"10.475",7,"Solar Energy Consumption","Trillion Btu"
"SOTCBUS",201302,"12.233",7,"Solar Energy Consumption","Trillion Btu"
"SOTCBUS",201303,"17.077",7,"Solar Energy Consumption","Trillion Btu"
"SOTCBUS",201304,"18.669",7,"Solar Energy Consumption","Trillion Btu"
"SOTCBUS",201305,"20.769",7,"Solar Energy Consumption","Trillion Btu"
"SOTCBUS",201306,"22.017",7,"Solar Energy Consumption","Trillion Btu"
"SOTCBUS",201307,"22.3",7,"Solar Energy Consumption","Trillion Btu"
"SOTCBUS",201308,"23.25",7,"Solar Energy Consumption","Trillion Btu"
"SOTCBUS",201309,"22.042",7,"Solar Energy Consumption","Trillion Btu"
"SOTCBUS",201310,"21.261",7,"Solar Energy Consumption","Trillion Btu"
"SOTCBUS",201311,"17.577",7,"Solar Energy Consumption","Trillion Btu"
"SOTCBUS",201312,"17.328",7,"Solar Energy Consumption","Trillion Btu"
"SOTCBUS",201313,"224.998",7,"Solar Energy Consumption","Trillion Btu"
"SOTCBUS",201401,"16.542",7,"Solar Energy Consumption","Trillion Btu"
"SOTCBUS",201402,"17.939",7,"Solar Energy Consumption","Trillion Btu"
"SOTCBUS",201403,"26.187",7,"Solar Energy Consumption","Trillion Btu"
"SOTCBUS",201404,"29.029",7,"Solar Energy Consumption","Trillion Btu"
"SOTCBUS",201405,"33.086",7,"Solar Energy Consumption","Trillion Btu"
"SOTCBUS",201406,"34.867",7,"Solar Energy Consumption","Trillion Btu"
"SOTCBUS",201407,"34.299",7,"Solar Energy Consumption","Trillion Btu"
"SOTCBUS",201408,"35.031",7,"Solar Energy Consumption","Trillion Btu"
"SOTCBUS",201409,"33.184",7,"Solar Energy Consumption","Trillion Btu"
"SOTCBUS",201410,"30.86",7,"Solar Energy Consumption","Trillion Btu"
"SOTCBUS",201411,"25.046",7,"Solar Energy Consumption","Trillion Btu"
"SOTCBUS",201412,"21.35",7,"Solar Energy Consumption","Trillion Btu"
"SOTCBUS",201413,"337.421",7,"Solar Energy Consumption","Trillion Btu"
"SOTCBUS",201501,"21.048",7,"Solar Energy Consumption","Trillion Btu"
"SOTCBUS",201502,"25.062",7,"Solar Energy Consumption","Trillion Btu"
"SOTCBUS",201503,"34.925",7,"Solar Energy Consumption","Trillion Btu"
"SOTCBUS",201504,"39.575",7,"Solar Energy Consumption","Trillion Btu"
"SOTCBUS",201505,"42.535",7,"Solar Energy Consumption","Trillion Btu"
"SOTCBUS",201506,"43.229",7,"Solar Energy Consumption","Trillion Btu"
"SOTCBUS",201507,"44.959",7,"Solar Energy Consumption","Trillion Btu"
"SOTCBUS",201508,"45.266",7,"Solar Energy Consumption","Trillion Btu"
"SOTCBUS",201509,"38.976",7,"Solar Energy Consumption","Trillion Btu"
"SOTCBUS",201510,"34.293",7,"Solar Energy Consumption","Trillion Btu"
"SOTCBUS",201511,"29.646",7,"Solar Energy Consumption","Trillion Btu"
"SOTCBUS",201512,"27.219",7,"Solar Energy Consumption","Trillion Btu"
"SOTCBUS",201513,"426.734",7,"Solar Energy Consumption","Trillion Btu"
"SOTCBUS",201601,"26.077",7,"Solar Energy Consumption","Trillion Btu"
"SOTCBUS",201602,"35.136",7,"Solar Energy Consumption","Trillion Btu"
"SOTCBUS",201603,"43.408",7,"Solar Energy Consumption","Trillion Btu"
"SOTCBUS",201604,"48.072",7,"Solar Energy Consumption","Trillion Btu"
"SOTCBUS",201605,"55.33",7,"Solar Energy Consumption","Trillion Btu"
"SOTCBUS",201606,"56.391",7,"Solar Energy Consumption","Trillion Btu"
"SOTCBUS",201607,"61.657",7,"Solar Energy Consumption","Trillion Btu"
"SOTCBUS",201608,"61.142",7,"Solar Energy Consumption","Trillion Btu"
"SOTCBUS",201609,"55.455",7,"Solar Energy Consumption","Trillion Btu"
"SOTCBUS",201610,"49.045",7,"Solar Energy Consumption","Trillion Btu"
"SOTCBUS",201611,"41.405",7,"Solar Energy Consumption","Trillion Btu"
"SOTCBUS",201612,"37.1",7,"Solar Energy Consumption","Trillion Btu"
"SOTCBUS",201613,"570.218",7,"Solar Energy Consumption","Trillion Btu"
"SOTCBUS",201701,"36.265",7,"Solar Energy Consumption","Trillion Btu"
"SOTCBUS",201702,"41.848",7,"Solar Energy Consumption","Trillion Btu"
"SOTCBUS",201703,"65.102",7,"Solar Energy Consumption","Trillion Btu"
"SOTCBUS",201704,"71.374",7,"Solar Energy Consumption","Trillion Btu"
"SOTCBUS",201705,"82.185",7,"Solar Energy Consumption","Trillion Btu"
"SOTCBUS",201706,"85.986",7,"Solar Energy Consumption","Trillion Btu"
"SOTCBUS",201707,"81.763",7,"Solar Energy Consumption","Trillion Btu"
"SOTCBUS",201708,"79.021",7,"Solar Energy Consumption","Trillion Btu"
"SOTCBUS",201709,"73.142",7,"Solar Energy Consumption","Trillion Btu"
"SOTCBUS",201710,"66.56",7,"Solar Energy Consumption","Trillion Btu"
"SOTCBUS",201711,"48.172",7,"Solar Energy Consumption","Trillion Btu"
"SOTCBUS",201712,"45.508",7,"Solar Energy Consumption","Trillion Btu"
"SOTCBUS",201713,"776.925",7,"Solar Energy Consumption","Trillion Btu"
"SOTCBUS",201801,"48.528",7,"Solar Energy Consumption","Trillion Btu"
"SOTCBUS",201802,"55.447",7,"Solar Energy Consumption","Trillion Btu"
"SOTCBUS",201803,"73.556",7,"Solar Energy Consumption","Trillion Btu"
"SOTCBUS",201804,"86.122",7,"Solar Energy Consumption","Trillion Btu"
"SOTCBUS",201805,"96.405",7,"Solar Energy Consumption","Trillion Btu"
"SOTCBUS",201806,"102.097",7,"Solar Energy Consumption","Trillion Btu"
"SOTCBUS",201807,"97.077",7,"Solar Energy Consumption","Trillion Btu"
"SOTCBUS",201808,"95.071",7,"Solar Energy Consumption","Trillion Btu"
"SOTCBUS",201809,"84.51",7,"Solar Energy Consumption","Trillion Btu"
"SOTCBUS",201810,"72.291",7,"Solar Energy Consumption","Trillion Btu"
"SOTCBUS",201811,"55.62",7,"Solar Energy Consumption","Trillion Btu"
"SOTCBUS",201812,"48.381",7,"Solar Energy Consumption","Trillion Btu"
"SOTCBUS",201813,"915.105",7,"Solar Energy Consumption","Trillion Btu"
"SOTCBUS",201901,"52.378",7,"Solar Energy Consumption","Trillion Btu"
"SOTCBUS",201902,"56.33",7,"Solar Energy Consumption","Trillion Btu"
"SOTCBUS",201903,"83.911",7,"Solar Energy Consumption","Trillion Btu"
"SOTCBUS",201904,"95.075",7,"Solar Energy Consumption","Trillion Btu"
"SOTCBUS",201905,"101.994",7,"Solar Energy Consumption","Trillion Btu"
"SOTCBUS",201906,"109.795",7,"Solar Energy Consumption","Trillion Btu"
"SOTCBUS",201907,"112.915",7,"Solar Energy Consumption","Trillion Btu"
"SOTCBUS",201908,"109.032",7,"Solar Energy Consumption","Trillion Btu"
"SOTCBUS",201909,"95.222",7,"Solar Energy Consumption","Trillion Btu"
"SOTCBUS",201910,"84.766",7,"Solar Energy Consumption","Trillion Btu"
"SOTCBUS",201911,"62.85",7,"Solar Energy Consumption","Trillion Btu"
"SOTCBUS",201912,"52.791",7,"Solar Energy Consumption","Trillion Btu"
"SOTCBUS",201913,"1017.059",7,"Solar Energy Consumption","Trillion Btu"
"SOTCBUS",202001,"63.049",7,"Solar Energy Consumption","Trillion Btu"
"SOTCBUS",202002,"75.932",7,"Solar Energy Consumption","Trillion Btu"
"SOTCBUS",202003,"91.137",7,"Solar Energy Consumption","Trillion Btu"
"SOTCBUS",202004,"108.976",7,"Solar Energy Consumption","Trillion Btu"
"SOTCBUS",202005,"128.85",7,"Solar Energy Consumption","Trillion Btu"
"SOTCBUS",202006,"128.873",7,"Solar Energy Consumption","Trillion Btu"
"SOTCBUS",202007,"138.668",7,"Solar Energy Consumption","Trillion Btu"
"SOTCBUS",202008,"125.173",7,"Solar Energy Consumption","Trillion Btu"
"SOTCBUS",202009,"106.348",7,"Solar Energy Consumption","Trillion Btu"
"SOTCBUS",202010,"96.414",7,"Solar Energy Consumption","Trillion Btu"
"SOTCBUS",202011,"78.394",7,"Solar Energy Consumption","Trillion Btu"
"SOTCBUS",202012,"70.424",7,"Solar Energy Consumption","Trillion Btu"
"SOTCBUS",202013,"1212.237",7,"Solar Energy Consumption","Trillion Btu"
"SOTCBUS",202101,"77.93",7,"Solar Energy Consumption","Trillion Btu"
"SOTCBUS",202102,"85.823",7,"Solar Energy Consumption","Trillion Btu"
"SOTCBUS",202103,"122.643",7,"Solar Energy Consumption","Trillion Btu"
"SOTCBUS",202104,"141.404",7,"Solar Energy Consumption","Trillion Btu"
"SOTCBUS",202105,"158.783",7,"Solar Energy Consumption","Trillion Btu"
"SOTCBUS",202106,"155.506",7,"Solar Energy Consumption","Trillion Btu"
"SOTCBUS",202107,"157.132",7,"Solar Energy Consumption","Trillion Btu"
"SOTCBUS",202108,"153.57",7,"Solar Energy Consumption","Trillion Btu"
"SOTCBUS",202109,"141.82",7,"Solar Energy Consumption","Trillion Btu"
"SOTCBUS",202110,"120.01",7,"Solar Energy Consumption","Trillion Btu"
"SOTCBUS",202111,"102.039",7,"Solar Energy Consumption","Trillion Btu"
"SOTCBUS",202112,"84.571",7,"Solar Energy Consumption","Trillion Btu"
"SOTCBUS",202113,"1501.231",7,"Solar Energy Consumption","Trillion Btu"
"SOTCBUS",202201,"102.825",7,"Solar Energy Consumption","Trillion Btu"
"SOTCBUS",202202,"116.61",7,"Solar Energy Consumption","Trillion Btu"
"SOTCBUS",202203,"153.842",7,"Solar Energy Consumption","Trillion Btu"
"SOTCBUS",202204,"172.819",7,"Solar Energy Consumption","Trillion Btu"
"SOTCBUS",202205,"193.046",7,"Solar Energy Consumption","Trillion Btu"
"SOTCBUS",202206,"199.707",7,"Solar Energy Consumption","Trillion Btu"
