"Country","Powerplant Name","Capacity (MW)","Latitude","Longitude","Primary Fuel"
"United Kingdom","289 Finvoy Road",5.9,54.9638,-6.493,"Solar"
"United Kingdom","30 Acres",4.965,53.2062,-1.1968,"Solar"
"United Kingdom","AMBLESTON SOLAR PANELS",6,51.8992,-4.8665,"Solar"
"United Kingdom","Abbey Farm",9,52.4193,-0.2366,"Solar"
"United Kingdom","Abbey Fields Farm",5.3,51.3187,0.9029,"Solar"
"United Kingdom","Abbots Ann",7,51.1636,-1.5123,"Solar"
"United Kingdom","Abbots Ripton",24.66717,52.3787,-0.1982,"Solar"
"United Kingdom","Abbots Ripton Solar Farm (ext.)",3.9,52.3726,-0.1943,"Solar"
"United Kingdom","Abergelli",7.68222,51.7007,-3.9476,"Solar"
"United Kingdom","Aberporth Solar Farm",1.5,52.1234,-4.5632,"Solar"
"United Kingdom","Agricultural Land at Trecastle",4,51.5238,-3.4252,"Solar"
"United Kingdom","Airfield Farm PV",5,52.4746,0.9501,"Solar"
"United Kingdom","Alan Bartlett & Sons Solar",1.2,52.4511,0.0379,"Solar"
"United Kingdom","Albrighton Solar farm",15.8,52.6395,-2.2507,"Solar"
"United Kingdom","Aldi - Cardiff",1.5,51.5002,-3.1181,"Solar"
"United Kingdom","Aldi Distribution Centre",1.3,55.8787,-3.6482,"Solar"
"United Kingdom","Aldi Distribution Centre - Darlington",1.2,54.5485,-1.5739,"Solar"
"United Kingdom","Aldi Distribution Centre - Neston",1.2,53.2894,-3.0322,"Solar"
"United Kingdom","Aller Court Farm Solar Park",5,51.0576,-2.8652,"Solar"
"United Kingdom","Amcor Flexibles",1.7,51.5224,-2.5266,"Solar"
"United Kingdom","Andover Solar Farm",5,51.2112,-1.5364,"Solar"
"United Kingdom","Anthony Estate Solar Farm - resubmission",4.7,50.3502,-4.2498,"Solar"
"United Kingdom","Arkwright Solar Farm",8,53.2479,-1.3464,"Solar"
"United Kingdom","Arna Wood Solar",6.2,54.0223,-2.8228,"Solar"
"United Kingdom","Ashby",4.954,52.7227,-1.4853,"Solar"
"United Kingdom","Ashlawn Farm",6.8,51.2557,-2.9041,"Solar"
"United Kingdom","Askern",4.9737,53.6208,-1.1602,"Solar"
"United Kingdom","Aspatria",19,54.778,-3.3241,"Solar"
"United Kingdom","Astley Solar Farm",5,52.4672,-2.3239,"Solar"
"United Kingdom","Aston House Solar Farm",20,52.8817,-1.743,"Solar"
"United Kingdom","Atherstone",14.7,52.6131,-1.559,"Solar"
"United Kingdom","Avenue Farm",7.3,52.5757,1.389,"Solar"
"United Kingdom","Averhill Farm",5,53.1481,-1.387,"Solar"
"United Kingdom","Ayshford Court Farm",5,50.9319,-3.3459,"Solar"
"United Kingdom","B&Q Swindon DC",2.5,51.5996,-1.7429,"Solar"
"United Kingdom","BAE Samlesbury Aerodrome",2,53.7709,-2.5782,"Solar"
"United Kingdom","BIOSSENCE SOLAR PARK",4.5,51.3202,0.4816,"Solar"
"United Kingdom","BMW UK Manufacturing Ltd",3,51.7328,-1.1947,"Solar"
"United Kingdom","Babergh Home Solar Scheme",2.8,52.0486,0.9444,"Solar"
"United Kingdom","Baglan Bay Solar Farm - Phase 1",5,51.6094,-3.8295,"Solar"
"United Kingdom","Bake Farm Solar Park",4.99928,51.0483,-1.8335,"Solar"
"United Kingdom","Bakers Farm (solar)",12,50.7644,-0.7931,"Solar"
"United Kingdom","Balhearty Solar",5,56.143,-3.712,"Solar"
"United Kingdom","Ballinderry Road Solar Phase 1 (Lisburn)",13.5,54.5181,-6.0994,"Solar"
"United Kingdom","Ballinderry Road Solar Phase 2 (Lisburn)",7,54.5132,-6.0883,"Solar"
"United Kingdom","Balls Wood Solar Farm",8.7,50.3497,-4.037,"Solar"
"United Kingdom","Ballyboley Solar (Carrowdore)",6,54.5716,-5.5692,"Solar"
"United Kingdom","Bann Road (Rasharkin)",18,54.9592,-6.5147,"Solar"
"United Kingdom","Bann Road (Tullaghans Road)",25,54.9985,-6.4404,"Solar"
"United Kingdom","Barley Wood Farm Lane (Gaston Lane - resubmission)",5.4,51.1147,-0.9782,"Solar"
"United Kingdom","Barn Farm - resubmission",4.2,51.9392,1.1364,"Solar"
"United Kingdom","Barnby Moor",4,53.3564,-0.9954,"Solar"
"United Kingdom","Barr Farm Limited",1.88496,52.6691,-2.1267,"Solar"
"United Kingdom","Barton Close Solar Park",4.61032,51.1539,-4.174,"Solar"
"United Kingdom","Barton Solar Farm",1.2,50.9461,-3.3141,"Solar"
"United Kingdom","Barugh Farm",5,54.1751,-1.4955,"Solar"
"United Kingdom","Barvills Solar Farm (resubmission)",5,51.4721,0.4234,"Solar"
"United Kingdom","Basin Bridge Farm",5,52.5614,-1.4184,"Solar"
"United Kingdom","Bassingbourn Solar Farm",14.4,52.0701,-0.0423,"Solar"
"United Kingdom","Battens Farm Solar Park",11,51.482,-2.165,"Solar"
"United Kingdom","Bay Farm",8.1,52.3163,0.4989,"Solar"
"United Kingdom","Beaford Brook Solar Park",5.2,50.9217,-4.0387,"Solar"
"United Kingdom","Beckley Solar Farm",1.7,50.7618,-1.6798,"Solar"
"United Kingdom","Bedborough",4.991,50.8173,-1.9243,"Solar"
"United Kingdom","Beechgrove Farm",4,50.7904,-2.9226,"Solar"
"United Kingdom","Benbole",1.73901,50.5401,-4.7826,"Solar"
"United Kingdom","Bent Spur Solar Farm",5,53.5331,-2.376,"Solar"
"United Kingdom","Bentham Farm",8,51.6055,-1.8987,"Solar"
"United Kingdom","Bentley Estate",4.7819,50.9335,0.1108,"Solar"
"United Kingdom","Bentley Estate 2",4.99608,53.105,-2.4728,"Solar"
"United Kingdom","Berthlwyd Farm",5,51.5834,-3.3322,"Solar"
"United Kingdom","Berwick solar farm",8.2,50.856,0.1748,"Solar"
"United Kingdom","Bidwell Solar Farm - resubmission",5,50.4391,-3.7313,"Solar"
"United Kingdom","Biglis Farm",5,51.4233,-3.2395,"Solar"
"United Kingdom","Bilsham Farm",14.5,50.8138,-0.6357,"Solar"
"United Kingdom","Bilsthorpe",5.7408,53.142,-1.0252,"Solar"
"United Kingdom","Bilsthorpe (Land off Forest Lane)",5,53.1271,-1.042,"Solar"
"United Kingdom","Binsted",4.9979,50.8338,-0.6061,"Solar"
"United Kingdom","Birch Airfield",5.6,51.837,0.7886,"Solar"
"United Kingdom","Bishop's Waltham Solar Farm",12,50.9443,-1.2081,"Solar"
"United Kingdom","Bishops Sutton",12,51.0827,-1.1511,"Solar"
"United Kingdom","Blaby Solar Farm",3.5,52.5654,-1.13,"Solar"
"United Kingdom","Black Bush Farm",2.7,52.5497,-0.1479,"Solar"
"United Kingdom","Black Peak Farm",31.8,52.0782,0.0489,"Solar"
"United Kingdom","Blackawton Solar Farm",3,50.3641,-3.6421,"Solar"
"United Kingdom","Blackwell Grange Solar Farm",5,52.0879,-1.6673,"Solar"
"United Kingdom","Blakenhall Park Solar Farm",1.8,52.7604,-1.7443,"Solar"
"United Kingdom","Blatchworthy",1.41246,51.1461,-4.1377,"Solar"
"United Kingdom","Blenches Mill Solar Park",6.0788,51.2746,-2.1899,"Solar"
"United Kingdom","Blue House",4.98,54.6326,-1.2684,"Solar"
"United Kingdom","Bluegates Solar Park",10.5,51.8607,1.005,"Solar"
"United Kingdom","Bobbing solar farm",11.3,51.3581,0.6889,"Solar"
"United Kingdom","Bodmin",4.97684,50.4835,-4.7335,"Solar"
"United Kingdom","Bodorgan Solar Farm",12.6,53.1787,-4.4148,"Solar"
"United Kingdom","Bodwen Solar Park",5.5,50.4115,-4.7786,"Solar"
"United Kingdom","Bolsovermoor Quarry",4.9979,53.2398,-1.2544,"Solar"
"United Kingdom","Bombardier Factory",3.8,54.6688,-5.9426,"Solar"
"United Kingdom","Bommertown Solar Farm",5,51.0189,-3.6846,"Solar"
"United Kingdom","Boscombe Airfield",12.3,51.1514,-1.7379,"Solar"
"United Kingdom","Bottom Plain",10,50.7127,-2.1654,"Solar"
"United Kingdom","Bourne Farm",2.4,50.7756,-2.3952,"Solar"
"United Kingdom","Bourne Park (Solar)",5,50.7779,-2.3943,"Solar"
"United Kingdom","Bowden Lane Solar Park",4.9896,50.9818,-2.4287,"Solar"
"United Kingdom","Bowerhouse Farm",8.3,51.345,-2.8611,"Solar"
"United Kingdom","Boxted Airfield",18.8,51.9431,0.9296,"Solar"
"United Kingdom","Bradford Solar Park",5.3,50.7807,-4.4415,"Solar"
"United Kingdom","Bransholme Solar CIC",5,53.8085,-0.3158,"Solar"
"United Kingdom","Branston solar park",18.9,53.1813,-0.4736,"Solar"
"United Kingdom","Bratton Fleming Solar Farm",5,51.1252,-3.9249,"Solar"
"United Kingdom","Braydon Manor Farm",8.7,51.5885,-1.9362,"Solar"
"United Kingdom","Briar Solar Farm",1.9,52.6452,1.2582,"Solar"
"United Kingdom","Brickyard Barn (resubmission)",4.1,52.2506,-1.5558,"Solar"
"United Kingdom","Broadgate Solar Farm",1.1,50.8523,-3.7396,"Solar"
"United Kingdom","Bronwylfa Reservoir",3,53.0318,-3.0594,"Solar"
"United Kingdom","Brook Farm",8.91036,51.8539,-1.1318,"Solar"
"United Kingdom","Brook Hall Farm (resubmission)",4.7,51.2802,-2.214,"Solar"
"United Kingdom","Brookbarn",3.63,50.8196,-0.5449,"Solar"
"United Kingdom","Broxted Solar Park",31.59,52.1314,0.5172,"Solar"
"United Kingdom","Bryn yr Odyn Solar Farm",15,53.2333,-4.4047,"Solar"
"United Kingdom","Brynteg",14.78664,51.7128,-4.1781,"Solar"
"United Kingdom","Brynwhilach solar park",5,51.6866,-3.9582,"Solar"
"United Kingdom","Bulls Head North",5.51304,52.1542,-0.8107,"Solar"
"United Kingdom","Bumpers Farm Phase 1",5,51.7483,-0.8963,"Solar"
"United Kingdom","Bunn's Hill Solar Park",5,52.7984,1.3979,"Solar"
"United Kingdom","Burntstalk Solar Park",11.5,52.6732,0.6271,"Solar"
"United Kingdom","Burrowton Farm",5,50.7613,-3.4208,"Solar"
"United Kingdom","Burthy",13.08042,50.3609,-4.9461,"Solar"
"United Kingdom","Burton Farm",4.4,52.2135,-1.7372,"Solar"
"United Kingdom","Burton Pedwardine",8.99162,52.9722,-0.3555,"Solar"
"United Kingdom","Bury Green Farm Solar",5,52.4514,-0.137,"Solar"
"United Kingdom","Bury Lane",22.21587,52.0796,0.002,"Solar"
"United Kingdom","Bypass Nurseries Solar Farm",3.3,52.1024,-1.9201,"Solar"
"United Kingdom","Bystock Solar Farm",4.1,50.6473,-3.3825,"Solar"
"United Kingdom","CRAYSMARSH SOLAR FARM",1.8,51.3626,-2.0947,"Solar"
"United Kingdom","CRINACOTT SOLAR FARM (Pyworthy)",6.7,50.7904,-4.4014,"Solar"
"United Kingdom","Caddington Solar Farm (Phase 1)",3,51.86,-0.4633,"Solar"
"United Kingdom","Caddington Solar Farm (Phase 2)",5,51.8564,-0.4686,"Solar"
"United Kingdom","Cadland 2",3.01602,50.8095,-1.3599,"Solar"
"United Kingdom","Caeremlyn Solar Farm",18,51.8279,-4.6334,"Solar"
"United Kingdom","Caergarw Farm",3.8,51.5401,-3.6997,"Solar"
"United Kingdom","Cairnhill Farm solar park",2.4,57.5603,-2.3723,"Solar"
"United Kingdom","Cairnmore Solar Park",3.8,57.3086,-2.8272,"Solar"
"United Kingdom","Cairnmore Solar Park (extension)",1.2,57.3081,-2.8238,"Solar"
"United Kingdom","Caldecote Manor Farm",5,52.2104,-0.2071,"Solar"
"United Kingdom","Callington Solar Farm",6.4,50.5072,-4.326,"Solar"
"United Kingdom","Canada Farm",8.3,50.8378,-2.2282,"Solar"
"United Kingdom","Canopus Farm",5,53.0099,-0.055,"Solar"
"United Kingdom","Cantelupe Solar Farm",5,52.1721,0.0673,"Solar"
"United Kingdom","Canworthy Water",41,50.7035,-4.4906,"Solar"
"United Kingdom","Capel Grange Solar Park",6.6,51.1781,0.3596,"Solar"
"United Kingdom","Capeland Farm",8.3,51.1312,-3.9082,"Solar"
"United Kingdom","Carines Farm Solar Array",1,50.3833,-5.1111,"Solar"
"United Kingdom","Carlam Hill Education CIC",5,53.8085,-0.3158,"Solar"
"United Kingdom","Carloggas Farm Solar Park",8.3,50.3513,-4.8759,"Solar"
"United Kingdom","Carlton Farm Solar farm",5,52.8048,1.3987,"Solar"
"United Kingdom","Carnemough Farm Solar Park",7,50.3316,-4.9292,"Solar"
"United Kingdom","Carver Hay  moss lane",2.5,53.7066,-2.7814,"Solar"
"United Kingdom","Castle Combe",15.32736,51.4936,-2.2174,"Solar"
"United Kingdom","Castle Eaton Farm",17.8,51.6491,-1.7907,"Solar"
"United Kingdom","Caswell Farm Solar Park",6.7,50.8878,-2.5962,"Solar"
"United Kingdom","Causilgey Solar Farm",5,50.2863,-5.1209,"Solar"
"United Kingdom","Cefn Betingau Farm",9,51.7942,-3.9437,"Solar"
"United Kingdom","Chalcroft Solar Park",6.3,50.9494,-1.3079,"Solar"
"United Kingdom","Chalgrove Solar",21.34044,51.6705,-1.0597,"Solar"
"United Kingdom","Chancery Farm (Ardleigh)",11.9,51.9104,0.9938,"Solar"
"United Kingdom","Chapel Farm",5,51.613,-1.8167,"Solar"
"United Kingdom","Chapel Hill",8,51.6423,-4.9484,"Solar"
"United Kingdom","Chapel Lane Parley Solar Farm Phase 1",20,50.7918,-1.8612,"Solar"
"United Kingdom","Chapel Lane Parley Solar Farm Phase 2",36,50.7959,-1.8563,"Solar"
"United Kingdom","Chapel Lane Parley Solar Farm Phase 3",4,50.8032,-1.8644,"Solar"
"United Kingdom","Chard Solar Park",3,50.8859,-2.9434,"Solar"
"United Kingdom","Charity Farm - CfD",14.402485,52.8244,-2.8096,"Solar"
"United Kingdom","Chawton Farm Solar Farm",3.2,50.735,-1.302,"Solar"
"United Kingdom","Chediston Hall Solar Park",12.3,52.3522,1.4737,"Solar"
"United Kingdom","Chelveston Airfield",16,52.3027,-0.5253,"Solar"
"United Kingdom","Chelveston Airfield - extension",3.5,52.3021,-0.5196,"Solar"
"United Kingdom","Chelveston Renewable Energy Park - Solar Extension",19.5,52.3041,-0.5286,"Solar"
"United Kingdom","Chelwood Solar Farm",5,51.3484,-2.5157,"Solar"
"United Kingdom","Chelworth Industrial Estate Solar Park",1,51.6276,-1.8876,"Solar"
"United Kingdom","Cherry Tree Farm",5,53.2373,-1.3425,"Solar"
"United Kingdom","Chester Energy (East Woolley Farm)",5,50.9235,-4.4863,"Solar"
"United Kingdom","Chilton Cantelo Solar Park",4.997,50.9945,-2.6027,"Solar"
"United Kingdom","Chisbon Solar Farm (Frowick Lane)",13,51.8219,1.0873,"Solar"
"United Kingdom","Chittering",4.9934,52.3152,0.2177,"Solar"
"United Kingdom","Chittering Solar Farm",5,52.3181,0.2211,"Solar"
"United Kingdom","Christchurch Energy",18,50.7555,-1.7502,"Solar"
"United Kingdom","Church Farm - Slapton",4.9848,51.8718,-0.6326,"Solar"
"United Kingdom","Chynoweth Farm",2.9,50.3045,-5.0815,"Solar"
"United Kingdom","Clann Solar Farm",1.4,50.4408,-4.7776,"Solar"
"United Kingdom","Clapham solar farm",7.5,52.1767,-0.4844,"Solar"
"United Kingdom","Clapton Farm Solar Park",5,51.0567,-2.3472,"Solar"
"United Kingdom","Clawdd Ddu",13.521,51.7708,-4.038,"Solar"
"United Kingdom","Clayhill Farm",10,51.9874,-0.4818,"Solar"
"United Kingdom","Claypit Moor Solar Farm (Lexham)",7.9,52.745,0.7758,"Solar"
"United Kingdom","Clearwell Farm - solar",2,51.5617,-3.0894,"Solar"
"United Kingdom","Cleave Farm",4.56435,51.0039,-4.1408,"Solar"
"United Kingdom","Cobbs Cross Solar Park",5,51.1124,-3.0371,"Solar"
"United Kingdom","Cockett Valley",4,51.637,-4.013,"Solar"
"United Kingdom","Cockhill Solar Farm",20,51.3315,-2.224,"Solar"
"United Kingdom","Cold Harbour",5,54.1698,-1.3156,"Solar"
"United Kingdom","Collacott Farm",4.5,51.0534,-4.1253,"Solar"
"United Kingdom","Colpmans Farm",5,52.4056,-0.5611,"Solar"
"United Kingdom","Coltishall 1",33.682,52.7551,1.3569,"Solar"
"United Kingdom","Combermere Abbey",14,52.9994,-2.5962,"Solar"
"United Kingdom","Common Farm",4.99,51.5353,-1.8036,"Solar"
"United Kingdom","Condover (Green Farm)",10.2,52.6569,-2.7298,"Solar"
"United Kingdom","Condover Airfield",12.3,52.6327,-2.7301,"Solar"
"United Kingdom","Congresbury Solar Farm",7.1,51.3501,-2.8246,"Solar"
"United Kingdom","Coombe Farm",8,50.6582,-3.3934,"Solar"
"United Kingdom","Coombeshead Solar Farm",8,50.386,-3.7664,"Solar"
"United Kingdom","Cooper House Farm",5,53.7664,-2.8762,"Solar"
"United Kingdom","Copley Farm",30,53.0222,-0.7353,"Solar"
"United Kingdom","Corntown Farm",3.4,51.4796,-3.5305,"Solar"
"United Kingdom","Cotgrave",4.9833,52.918,-1.05,"Solar"
"United Kingdom","Coton Park Solar Farm",2.7,52.7585,-1.5977,"Solar"
"United Kingdom","Court Colman solar park",15,51.5227,-3.6187,"Solar"
"United Kingdom","Court Farm (Resubmission)",8.5,51.6011,-2.8787,"Solar"
"United Kingdom","Cowdown Lane",40,51.1961,-1.4601,"Solar"
"United Kingdom","Cranham Golf Course Solar Park",2.6,51.5587,0.2827,"Solar"
"United Kingdom","Crannaford Solar Farm",12.5,50.7599,-3.4048,"Solar"
"United Kingdom","Crapnell Farm Solar Farm",5.4,51.2091,-2.5784,"Solar"
"United Kingdom","Creathorne Farm  - Solar Farm",1.8,50.7956,-4.5451,"Solar"
"United Kingdom","Cressing Solar Farm (Phase 1)",5,51.8408,0.6011,"Solar"
"United Kingdom","Creswell Solar Park (resubmission)",5,53.2558,-1.2074,"Solar"
"United Kingdom","Crockers Hele",1.3,50.8423,-4.0951,"Solar"
"United Kingdom","Crookedstone",4.83184,54.6707,-6.1985,"Solar"
"United Kingdom","Cross Roads Plantation",5,50.9069,-1.8404,"Solar"
"United Kingdom","Crossness",1.50371,51.508,0.1377,"Solar"
"United Kingdom","Crossways Solar Park",4.997,50.7,-2.3243,"Solar"
"United Kingdom","Crow Trees Farm",4.8,53.1073,-1.2991,"Solar"
"United Kingdom","Croydon / Church Farm (Royston)",16.5,52.1285,-0.0797,"Solar"
"United Kingdom","Crucis Farm",16.057,51.7241,-1.9132,"Solar"
"United Kingdom","Crugmore Farm",6.4,52.0918,-4.6206,"Solar"
"United Kingdom","Crundale / Fenton Home Farm (extension)",5.9,51.8236,-4.9284,"Solar"
"United Kingdom","Cuckoo Grove Farm",7.5,51.8099,-5.0074,"Solar"
"United Kingdom","Culmhead Solar Farm (Resubmission)",7.5,50.9261,-3.128,"Solar"
"United Kingdom","Culworth",3.63639,52.1095,-1.2047,"Solar"
"United Kingdom","Cwm Derwyn Farm",5,51.4162,-3.3144,"Solar"
"United Kingdom","Cwmcaesingrug Farm",10,51.6351,-3.1698,"Solar"
"United Kingdom","Cwrt Henllys",4.99252,51.6214,-3.0794,"Solar"
"United Kingdom","DPD Distribution Centre",1,52.5068,-2.009,"Solar"
"United Kingdom","Danes Farm",3.3,53.3224,-0.6975,"Solar"
"United Kingdom","Danes Farm - extension",10.5,53.3224,-0.6975,"Solar"
"United Kingdom","Decoy Farm",5,52.698,-0.1329,"Solar"
"United Kingdom","Decoy Farm House Solar Modules",6,50.8291,-0.692,"Solar"
"United Kingdom","Deepdale Farm",8,53.0276,-0.3991,"Solar"
"United Kingdom","Dengemarsh Road",1,50.9351,0.9099,"Solar"
"United Kingdom","Derriton Fields Solar Farm",11.8,50.8026,-4.3678,"Solar"
"United Kingdom","Desford Solar Farm",5,52.64,-1.2586,"Solar"
"United Kingdom","Dolmans Hill (Redbridge Farm) Solar Arrays",5,50.7504,-2.1031,"Solar"
"United Kingdom","Drakelow Solar Farm",5,52.7742,-1.6535,"Solar"
"United Kingdom","Drapers Farm Solar Park",6,51.8562,0.4983,"Solar"
"United Kingdom","Drayton Manor Farm",25,52.2003,-1.7751,"Solar"
"United Kingdom","Dunkeswell Airfield",2,50.8645,-3.227,"Solar"
"United Kingdom","Dunsfold",2.00056,51.1193,-0.5448,"Solar"
"United Kingdom","Dura Park Bynea Industrial Site",1.4,51.6676,-4.0897,"Solar"
"United Kingdom","Durrants Farm Solar",4.5,50.7099,-1.3664,"Solar"
"United Kingdom","Eaglescliffe Solar Farm",5,54.5409,-1.3552,"Solar"
"United Kingdom","Eakring Solar Farm",11.9,53.1547,-1.014,"Solar"
"United Kingdom","East Appleton",4.98,54.3569,-1.6374,"Solar"
"United Kingdom","East Fairlee",6.979,50.7106,-1.1375,"Solar"
"United Kingdom","East Farm",6.84288,51.1783,-2.0196,"Solar"
"United Kingdom","East Langford Farm",5,50.8701,-4.4271,"Solar"
"United Kingdom","East Lenham Solar Farm",6.6,51.2274,0.7119,"Solar"
"United Kingdom","East Midlands Distribution Centre",6.1,52.8505,-1.3576,"Solar"
"United Kingdom","Eastacombe",3.577,50.773,-4.3353,"Solar"
"United Kingdom","Ebbsfleet Farm Solar Farm",4.9,51.3157,1.3458,"Solar"
"United Kingdom","Ebbsfleet Solar Farm",5,51.3105,1.3389,"Solar"
"United Kingdom","Ebnal Lodge (resubmission)",5,52.9001,-3.0152,"Solar"
"United Kingdom","Eckland Lodge Farm",2.9,52.4584,-0.843,"Solar"
"United Kingdom","Egmanton Solar Farm - resubmission",14.2,53.2113,-0.8798,"Solar"
"United Kingdom","Ellicombe Farm",1.4,50.8309,-3.7844,"Solar"
"United Kingdom","Ellough Solar Farm",14.88322,52.434,1.6055,"Solar"
"United Kingdom","Ellough Solar Farm Phase Two",4.99,52.4388,1.6059,"Solar"
"United Kingdom","Elms Farm",29,51.6051,-1.4003,"Solar"
"United Kingdom","Elton solar farm",5,52.9481,-0.8477,"Solar"
"United Kingdom","Epwell",8.988,52.0665,-1.4658,"Solar"
"United Kingdom","Ermine Street Farm solar park",32.5,53.0152,-0.5214,"Solar"
"United Kingdom","Ernesettle Solar Farm",4.1,50.4118,-4.1823,"Solar"
"United Kingdom","Errol Estate",13,56.3677,-3.2771,"Solar"
"United Kingdom","Eveley",49.328,51.1076,-1.5302,"Solar"
"United Kingdom","Exning",30.276,52.2502,0.3486,"Solar"
"United Kingdom","Eynsham Solar Farm",13.2,51.794,-1.4264,"Solar"
"United Kingdom","Fairwinds",12.19689,51.5641,0.3896,"Solar"
"United Kingdom","Fambridge Road/Canewdon Road",5,51.6202,0.6974,"Solar"
"United Kingdom","Fanny House",4.942,54.0521,-2.8783,"Solar"
"United Kingdom","Fell View",4.258,53.7918,-2.6203,"Solar"
"United Kingdom","Fell View Farm (Phase 2)",2.9,53.7915,-2.6236,"Solar"
"United Kingdom","Fen Farm Solar Park",1,53.4233,0.069,"Solar"
"United Kingdom","Fen Road Solar Farm",1.441,52.9658,-0.0717,"Solar"
"United Kingdom","Fenton Home Farm",31.3,51.8195,-4.9189,"Solar"
"United Kingdom","Fferm Bryn Bachau",4.4,52.9075,-4.334,"Solar"
"United Kingdom","Ffos Las",4.9968,51.725,-4.2386,"Solar"
"United Kingdom","Field House Solar / Hursley Road",7,51.0087,-1.3915,"Solar"
"United Kingdom","Fields Farm (Agden)",4.997475,52.9957,-2.7248,"Solar"
"United Kingdom","Fieldscale",10.6,50.6772,-1.2454,"Solar"
"United Kingdom","Fiskerton Solar Farm",13.04248,53.2439,-0.4287,"Solar"
"United Kingdom","Fleetwood Water Treatment Works",1.3,53.9091,-3.0187,"Solar"
"United Kingdom","Flixborough Industrial Estate",5,53.6201,-0.6947,"Solar"
"United Kingdom","Folly Farm",13.1,51.8395,-0.7395,"Solar"
"United Kingdom","Ford Farm (Ashurst)",10,50.9428,-0.3223,"Solar"
"United Kingdom","Ford Farm Solar Farm",5,50.4796,-4.3783,"Solar"
"United Kingdom","Forest Farm",3,50.9429,-1.2027,"Solar"
"United Kingdom","Forest Heath Solar Farm",5,52.2794,0.3914,"Solar"
"United Kingdom","Four Burrows Farm  (Extension 2)",6.3,50.2917,-5.1392,"Solar"
"United Kingdom","Four Burrows Solar farm (Extension 1)",1.5,50.3039,-5.1383,"Solar"
"United Kingdom","Foxburrow Farm",8,52.0467,1.2846,"Solar"
"United Kingdom","Foxcombe Farm Solar Park",5,50.8024,-4.2937,"Solar"
"United Kingdom","Francis Court",4.224,50.7668,-3.4657,"Solar"
"United Kingdom","Frog's Loke Solar Farm",5,52.7984,1.3979,"Solar"
"United Kingdom","Frying Down Copse Solar Farm",5,51.2142,-1.0694,"Solar"
"United Kingdom","Fullenton Solar Farm",4.2,51.1558,-1.4581,"Solar"
"United Kingdom","GDL Wymeswold Solar Farm/land off the A6006",6.1,52.8095,-1.0875,"Solar"
"United Kingdom","Galton Manor Solar Park",5,50.6699,-2.3064,"Solar"
"United Kingdom","Garn Solar Farm",7.4,51.4537,-3.3886,"Solar"
"United Kingdom","Garvinack Farm Solar Park",7,50.2897,-5.1207,"Solar"
"United Kingdom","Gaultney Solar Park",20.5,52.4488,-0.7982,"Solar"
"United Kingdom","Gawcott Fields Farm",9.2,51.9885,-1.005,"Solar"
"United Kingdom","Gedling",5.7408,52.9902,-1.083,"Solar"
"United Kingdom","Gelli Gron",3.596985,52.9348,-4.354,"Solar"
"United Kingdom","Gib Lane (Aston Clinton solar park)",24.2,51.8106,-0.7338,"Solar"
"United Kingdom","Gib Lane Solar farm (Extension)",5,51.8274,-0.7363,"Solar"
"United Kingdom","Gilford Road",1.3,54.4105,-6.4131,"Solar"
"United Kingdom","Glebe Farm Solar Energy Park",15,52.2526,-0.5893,"Solar"
"United Kingdom","Godley Water Treatment Works",3,53.4551,-2.0585,"Solar"
"United Kingdom","Golden Hill",6.2,51.6849,-4.9078,"Solar"
"United Kingdom","Goldenhaye Field Solar Farm",2,50.8739,-2.9058,"Solar"
"United Kingdom","Goldthorpe",1.5,53.5295,-1.3165,"Solar"
"United Kingdom","Goonhilly Solar",4.51,50.0465,-5.218,"Solar"
"United Kingdom","Goose Willow Farm",11.5,51.6359,-1.3569,"Solar"
"United Kingdom","Goose Willow Farm - extension",7,51.633,-1.3488,"Solar"
"United Kingdom","Gosfield Airfield",12.6,51.9558,0.5797,"Solar"
"United Kingdom","Gover Farm Solar Park",8,50.2887,-5.1967,"Solar"
"United Kingdom","Grain Harvesters Ltd",1,51.2667,1.2312,"Solar"
"United Kingdom","Grange Farm",5.80219,50.711,-4.4233,"Solar"
"United Kingdom","Grange Farm",6,50.7131,-1.26,"Solar"
"United Kingdom","Grange Farm (Avon)",21,51.5397,-2.5227,"Solar"
"United Kingdom","Grange Farm (Lincolnshire)",12.7,52.746,0.0509,"Solar"
"United Kingdom","Grange Farm Solar Farm",4.9,51.0059,-3.2219,"Solar"
"United Kingdom","Grange Solar Farm",4.6,53.0282,-0.8145,"Solar"
"United Kingdom","Grantham Solar Park",4.87872,52.9712,-0.7225,"Solar"
"United Kingdom","Granville Road Solar Farm",5,52.7091,-2.4123,"Solar"
"United Kingdom","Gravel Works  Wasing Estate",5,51.3797,-1.1932,"Solar"
"United Kingdom","Great Knowles",2.915,50.8042,-4.3769,"Solar"
"United Kingdom","Great Seabrook Farm",5,51.8502,-0.6484,"Solar"
"United Kingdom","Great Wilbraham Solar Farm",38.1,52.1845,0.2699,"Solar"
"United Kingdom","Greaves Solar Farm",5,54.2859,-2.6851,"Solar"
"United Kingdom","Green Croft Solar Farm",5,54.8476,-1.7367,"Solar"
"United Kingdom","Green Farm (resubmission)",5,51.9119,1.1535,"Solar"
"United Kingdom","Grove Farm (solar)",3.5,51.0766,-3.2622,"Solar"
"United Kingdom","Grove Solar Park (Phase 1)",5,50.9636,-1.479,"Solar"
"United Kingdom","Grove Solar Park (Phase 2)",11,50.9636,-1.479,"Solar"
"United Kingdom","Gypsom Solar Farm",5,52.7397,-1.1161,"Solar"
"United Kingdom","HENDRA HOLIDAY PARK SOLAR FARM",1.2,50.3996,-5.0556,"Solar"
"United Kingdom","Hadley Farm",4.99698,52.9609,-2.7241,"Solar"
"United Kingdom","Hadley Farm (Orta Membury Solar Farm)",17,51.4806,-1.564,"Solar"
"United Kingdom","Hadlow Solar Park",18.92176,51.1869,0.3409,"Solar"
"United Kingdom","Hafod-Y-Dafal Farm",14,51.7258,-3.1582,"Solar"
"United Kingdom","Haigh Hall Solar Farm (Resubmission)",5,53.7119,-1.5715,"Solar"
"United Kingdom","Hale Farm Solar",12.23156,50.7784,-1.864,"Solar"
"United Kingdom","Hall Farm",5.1,52.0529,-1.1533,"Solar"
"United Kingdom","Hall Farm  East Beckham",10.2,52.9134,1.1868,"Solar"
"United Kingdom","Hall Farm Solar Farm (Newbold Verdon)",5,52.6303,-1.3482,"Solar"
"United Kingdom","Halse Farm",8.2,51.0517,-3.2126,"Solar"
"United Kingdom","Hammond Court Farm",15,51.5389,-2.5314,"Solar"
"United Kingdom","Handley Park - resubmission",5,52.1079,-1.0207,"Solar"
"United Kingdom","Hardingham Solar Farm",14.8,52.6041,1.0351,"Solar"
"United Kingdom","Hardingham Solar Farm - extension",5.2,52.6032,1.0304,"Solar"
"United Kingdom","Hatch Penn Farm PV",1,52.0212,-0.0136,"Solar"
"United Kingdom","Hatchlands Farm",5.2,50.4236,-3.7849,"Solar"
"United Kingdom","Hawkers Farm",2.5,51.2256,-2.7641,"Solar"
"United Kingdom","Hawkers Farm (resubmission)",9.5,51.2244,-2.7639,"Solar"
"United Kingdom","Hawksland Solar",3.1,50.5027,-4.8918,"Solar"
"United Kingdom","Hayford Farm",8.9,52.6895,-2.9445,"Solar"
"United Kingdom","Hayford Farm - extension",8.2,52.6868,-2.942,"Solar"
"United Kingdom","Hazard Farm",6.4,50.4202,-3.761,"Solar"
"United Kingdom","Helland Meads - resubmission",1.2,51.0174,-2.9591,"Solar"
"United Kingdom","Henbury Quarry",3.684,50.7735,-2.0477,"Solar"
"United Kingdom","Hendai Farm",13.4,51.6745,-3.2765,"Solar"
"United Kingdom","Hendre Fawr Farm",11.6,51.7409,-3.5913,"Solar"
"United Kingdom","Henley Solar Farm",6.5,52.4861,-2.8034,"Solar"
"United Kingdom","Hewas Solar Farm",5,50.3414,-4.9303,"Solar"
"United Kingdom","High Dyke (Mill Farm)",5,52.8826,-0.5994,"Solar"
"United Kingdom","High Leas",6.5,53.3199,0.0947,"Solar"
"United Kingdom","High Meadow Farm",4,54.5912,-1.3775,"Solar"
"United Kingdom","High Penn Solar Park",9.6,51.4512,-1.986,"Solar"
"United Kingdom","Higher Bye",6.79059,51.1726,-3.3597,"Solar"
"United Kingdom","Higher Hatherleigh Solar Farm",3.5,51.0437,-2.4272,"Solar"
"United Kingdom","Higher Hatherleigh Solar Farm extension",1.5,51.0438,-2.4107,"Solar"
"United Kingdom","Higher Hill Farm (extension)",1.5,51.0794,-2.6955,"Solar"
"United Kingdom","Higher Hill Solar Park",4.9864,51.0763,-2.6892,"Solar"
"United Kingdom","Higher Knapp Farm",1.5,51.0193,-2.9962,"Solar"
"United Kingdom","Higher Pirzwell Solar Farm",1.2,50.8745,-3.3154,"Solar"
"United Kingdom","Higher Tregarne Solar Farm",5,50.1217,-5.1351,"Solar"
"United Kingdom","Higher Trevartha Farm",3,50.4517,-4.4281,"Solar"
"United Kingdom","Highfields Farm (Braintree)",2.8,51.8248,0.7195,"Solar"
"United Kingdom","Highfields Farm (Colchester)",12.2,51.8248,0.7195,"Solar"
"United Kingdom","Highwood Lane",5,50.99,-1.5059,"Solar"
"United Kingdom","Hill End Farm",2.8,51.3118,-1.1114,"Solar"
"United Kingdom","Hill Farm",5,51.9621,-1.3333,"Solar"
"United Kingdom","Hill Farm Solar Park",10.2,50.6975,-1.1322,"Solar"
"United Kingdom","Hill Farm Solar Park (VoWH)",14.8,51.6166,-1.348,"Solar"
"United Kingdom","Hill Hall Farm",4.99896,51.9634,0.4035,"Solar"
"United Kingdom","Hillhouse Farm",28.5,51.7357,-2.3624,"Solar"
"United Kingdom","Hillside Solar Farm",25.2,54.5601,-6.1807,"Solar"
"United Kingdom","Hillsmoor Solar Farm",1.2,50.8112,-4.0867,"Solar"
"United Kingdom","Hoback Farm",13.1,52.1191,-0.0291,"Solar"
"United Kingdom","Hollamoor Farm (PV)",2,51.0506,-4.0744,"Solar"
"United Kingdom","Holly Farm Solar Park",5,50.688,-2.3171,"Solar"
"United Kingdom","Holton Airfield",11,52.3606,1.5258,"Solar"
"United Kingdom","Holtwood Farm",5,52.8882,-1.8077,"Solar"
"United Kingdom","Holwell Hill",6,51.1983,-2.384,"Solar"
"United Kingdom","Home Farm",6.7,51.4745,-3.2928,"Solar"
"United Kingdom","Home Farm (Merton - solar)",18.3,51.8648,-1.1438,"Solar"
"United Kingdom","Homeland Solar Farm",13.2,50.847,-1.8648,"Solar"
"United Kingdom","Homestead",3.9536,52.1026,-0.9232,"Solar"
"United Kingdom","Homestead Farm",10.7,50.694,-1.4431,"Solar"
"United Kingdom","Honington Solar Farm",13.6,52.3396,0.7886,"Solar"
"United Kingdom","Hook Valley Solar Park",15.3,51.0486,-2.4349,"Solar"
"United Kingdom","Hope Solar Farm",7.3,50.211,-5.3661,"Solar"
"United Kingdom","Hoplass Farm",10,51.6698,-5.0127,"Solar"
"United Kingdom","Hopton Road Industrial Estate",1.3,51.3713,-1.9676,"Solar"
"United Kingdom","Horam",8.11512,50.9313,0.2377,"Solar"
"United Kingdom","Horsacott Farm Solar Park",6.4,51.0642,-4.1088,"Solar"
"United Kingdom","Howton",4.99968,50.4424,-4.282,"Solar"
"United Kingdom","Hullavington Solar Park",7,51.5431,-2.1651,"Solar"
"United Kingdom","Hunciecroft Farm",8,53.2601,-1.1878,"Solar"
"United Kingdom","Hungerford",4.474,51.2798,-0.8805,"Solar"
"United Kingdom","Hunstrete (Wilmington Farm)",2.3,51.3516,-2.5039,"Solar"
"United Kingdom","Hunters Race Solar Park",9.3,50.8621,-0.7927,"Solar"
"United Kingdom","Huntspill Level Solar Park",5.5,51.1943,-2.962,"Solar"
"United Kingdom","Hurcott Copse Solar Farm",10,50.9373,-2.866,"Solar"
"United Kingdom","Hurst Farm",5,51.7286,-2.5074,"Solar"
"United Kingdom","Hyde Farm",10.8,52.1763,-0.7033,"Solar"
"United Kingdom","Ikea Distribution Centre - resubmission",1.7,53.5406,-1.0314,"Solar"
"United Kingdom","Iwade Solar Farm",1.7,51.3671,0.6542,"Solar"
"United Kingdom","Iwood Lane Solar Farm",8,51.3593,-2.7913,"Solar"
"United Kingdom","Jordanston Solar Farm",5,51.6754,-4.7959,"Solar"
"United Kingdom","Jubilee Farm  Barnby Moor",5,53.3659,-1.033,"Solar"
"United Kingdom","KERNICK MICA DAM - SOLAR FARM",12,50.3534,-4.9043,"Solar"
"United Kingdom","Kellygreen Farm",4,50.5629,-4.7479,"Solar"
"United Kingdom","Kenardington Place Farm",7,51.0612,0.8125,"Solar"
"United Kingdom","Kencot Hill Solar Farm (revised application)",37,51.7601,-1.6396,"Solar"
"United Kingdom","Kenninghall Solar Farm",7.99986,52.4329,0.9909,"Solar"
"United Kingdom","Kentishes Solar Farm",5,51.9059,0.6024,"Solar"
"United Kingdom","Kernow Solar Farm",5,50.4298,-5.0054,"Solar"
"United Kingdom","Kerriers Solar Park",9.6,50.4424,-4.8164,"Solar"
"United Kingdom","Ketton Solar Farm",9.04046,52.6441,-0.5588,"Solar"
"United Kingdom","Ketton Solar Phase 2",3.0855,52.6441,-0.5588,"Solar"
"United Kingdom","Kia Ora Farm",1.8,50.8545,-3.4082,"Solar"
"United Kingdom","Killan Farm Solar Array Extens",1,51.6265,-4.0459,"Solar"
"United Kingdom","Kingsland Barton Solar Farm (resubmission)",5,51.0181,-3.865,"Solar"
"United Kingdom","Kingspan Insulation Solar Installation",5,53.7944,-1.2259,"Solar"
"United Kingdom","Kingston Farm",5,51.3466,-2.2442,"Solar"
"United Kingdom","Kinmel 1 CIC",5,53.2868,-3.5252,"Solar"
"United Kingdom","Kinmel 2 CIC",5,53.2868,-3.5252,"Solar"
"United Kingdom","Kirton Solar PV Farm",3.2,52.9323,-0.0966,"Solar"
"United Kingdom","Knockcairn Road",6.5,54.6088,-6.1672,"Solar"
"United Kingdom","Knockworthy Farm Solar Park",4.6452,50.9853,-4.1224,"Solar"
"United Kingdom","Knolton Farmhouse Cheese Solar Farm",1,52.9588,-2.9559,"Solar"
"United Kingdom","Knottingley A",5,53.7028,-1.2423,"Solar"
"United Kingdom","Knottingley B",2.4,53.7028,-1.2423,"Solar"
"United Kingdom","Knowlton",11.541,51.2349,1.2649,"Solar"
"United Kingdom","LITTLE TREVEASE SOLAR PARK",5.3,50.1421,-5.1935,"Solar"
"United Kingdom","Laceby Solar Farm",27.1,53.5251,-0.1461,"Solar"
"United Kingdom","Lackford Estate Solar Park",20.9,52.2888,0.611,"Solar"
"United Kingdom","Lady Hole Farm",3,53.0089,-1.6909,"Solar"
"United Kingdom","Lains Farm",5,51.1987,-1.6116,"Solar"
"United Kingdom","Lake Farm",5,51.4982,-2.0907,"Solar"
"United Kingdom","Land Adjacent Claypits Farm (a)",5,51.8433,0.805,"Solar"
"United Kingdom","Land Adjacent Claypits Farm (b) (Birch Estate)",2.3,51.845,0.8046,"Solar"
"United Kingdom","Land At  Actrees Farm",5,51.6815,-2.4194,"Solar"
"United Kingdom","Land At Bake Farm",5,50.4018,-4.3562,"Solar"
"United Kingdom","Land At Chiddinglye Farm",5,50.9985,-0.067,"Solar"
"United Kingdom","Land At Court Farm",2.2,51.4979,-3.5174,"Solar"
"United Kingdom","Land At Cwm Bargoed",5,51.7461,-3.3172,"Solar"
"United Kingdom","Land At Debdale Lane",5,53.1602,-1.2161,"Solar"
"United Kingdom","Land At Ferry Farm",10,50.7577,-0.7845,"Solar"
"United Kingdom","Land At Guston Court Farm",5,51.1487,1.3283,"Solar"
"United Kingdom","Land At Potash Farm",7,52.0167,-0.8641,"Solar"
"United Kingdom","Land At Rymes Farm (Phase 1)",6.9,51.9184,-2.3715,"Solar"
"United Kingdom","Land At Rymes Farm (Phase 2)/Grange Solar Farm",6.8,51.92,-2.3737,"Solar"
"United Kingdom","Land At Swanland Road",5,51.6966,-0.2221,"Solar"
"United Kingdom","Land East Of Honeysome Road",4.6,52.4569,0.0393,"Solar"
"United Kingdom","Land East Of Wadbrook Farm",5,50.8117,-2.959,"Solar"
"United Kingdom","Land East of Horton Road",8.5,52.2055,-0.7951,"Solar"
"United Kingdom","Land East of Lawn Lane",5,52.6405,-2.1418,"Solar"
"United Kingdom","Land East of White Horse Lane",5,52.6051,1.3064,"Solar"
"United Kingdom","Land NW Of Pickhill Bridge Farm",3.6,53.0242,-2.9255,"Solar"
"United Kingdom","Land North East Of Penrose Far",1.5,50.3767,-4.957,"Solar"
"United Kingdom","Land North of Chiltern Greeen",5,51.8617,-0.352,"Solar"
"United Kingdom","Land North of Sandhutton Lane",5,54.237,-1.3985,"Solar"
"United Kingdom","Land North of the Wood at Averill Farm",5,53.1469,-1.3955,"Solar"
"United Kingdom","Land Off Folly Lane",5,53.1061,-0.0199,"Solar"
"United Kingdom","Land Off Ingarsby Lane",2.1,52.6337,-0.9985,"Solar"
"United Kingdom","Land On The East Side Of Fosse Way",10,52.2537,-1.4809,"Solar"
"United Kingdom","Land Opposite Tyn Y Pistyll",5,52.9874,-3.0704,"Solar"
"United Kingdom","Land Parcel North of Goddards",5,50.977,-0.1684,"Solar"
"United Kingdom","Land South Of Bryn Cyrnau Isaf (resubmission)",5.9,51.8338,-4.2807,"Solar"
"United Kingdom","Land South Off Ollerton Road",4.2,53.1874,-1.0553,"Solar"
"United Kingdom","Land South West Of Apollo Business Park",1.7,52.0794,-1.4169,"Solar"
"United Kingdom","Land South of Highfield House",5,54.1481,-1.2324,"Solar"
"United Kingdom","Land South of Knock Lane",4,52.1636,-0.9225,"Solar"
"United Kingdom","Land South of Pogmore Spinney",5,52.4985,-1.5989,"Solar"
"United Kingdom","Land To The East Of Back Lane",5,53.2267,-1.3743,"Solar"
"United Kingdom","Land To The North Of Dairy House Farm",3.4,53.1042,-2.5118,"Solar"
"United Kingdom","Land To The North Of Moor Farm",3.8,52.8045,-2.8657,"Solar"
"United Kingdom","Land To The South Of Todderstaffe",4.5,53.8233,-2.9621,"Solar"
"United Kingdom","Land West Of Hunger Hill Farm",5,54.5069,-1.4851,"Solar"
"United Kingdom","Land West Side of Axe and Cleaver Lane",5,51.2921,-2.2118,"Solar"
"United Kingdom","Land West of Parsonage Wood",4.2,50.79,-4.3993,"Solar"
"United Kingdom","Land West of Roberts Wall Far",2.5,51.6712,-4.7464,"Solar"
"United Kingdom","Land adjacent to Church Road",3.5,51.5612,-2.6576,"Solar"
"United Kingdom","Land at Ash Row Farm",5,53.7968,-1.2174,"Solar"
"United Kingdom","Land at Barnham",1,50.8226,-0.6514,"Solar"
"United Kingdom","Land at Beech Farm",4.6,51.6054,-1.7366,"Solar"
"United Kingdom","Land at Biggin Lane",5,52.4451,-0.1326,"Solar"
"United Kingdom","Land at Box Road",2.2,51.7184,-2.3606,"Solar"
"United Kingdom","Land at Darran Farm",2.6,51.6882,-3.1804,"Solar"
"United Kingdom","Land at Dayfields Farm",4.7,53.0269,-1.6572,"Solar"
"United Kingdom","Land at East Farm - extension",6,51.1751,-2.011,"Solar"
"United Kingdom","Land at Five Oaks Farm",5,51.0463,-0.4342,"Solar"
"United Kingdom","Land at Gilley's Mill Dam",5,50.3942,-4.8455,"Solar"
"United Kingdom","Land at Green Farm",1,52.0181,-2.77,"Solar"
"United Kingdom","Land at Heywood Grange",8.4,52.997,-2.0604,"Solar"
"United Kingdom","Land at High Point Farm",4.5,52.3354,-2.4943,"Solar"
"United Kingdom","Land at Hill Farm",1.2,52.725,-1.4457,"Solar"
"United Kingdom","Land at Ingles Hill Farm",3,52.7565,-1.4899,"Solar"
"United Kingdom","Land at Meadow Farm",5,52.5173,-0.9199,"Solar"
"United Kingdom","Land at Mill Farm",1,51.2291,-2.8218,"Solar"
"United Kingdom","Land at Morfa Camp",2.8,52.59,-4.0967,"Solar"
"United Kingdom","Land at Newlands Farm",5,50.6278,-2.4948,"Solar"
"United Kingdom","Land at Oldstone Farm",5,50.3515,-3.6621,"Solar"
"United Kingdom","Land at Pollington Airfield",5,53.6735,-1.0666,"Solar"
"United Kingdom","Land at Soho Farm",1.5,51.2311,-2.4367,"Solar"
"United Kingdom","Land at Stalbridge Park",5,50.9724,-2.3816,"Solar"
"United Kingdom","Land at Sutor Farm",5,51.0357,-2.3917,"Solar"
"United Kingdom","Land at Tangmere Airfield",5,50.8481,-0.7019,"Solar"
"United Kingdom","Land at Whatton Road",1.5,52.828,-1.287,"Solar"
"United Kingdom","Land at Woodhouse Farm",5,54.535,-1.0758,"Solar"
"United Kingdom","Land at Wreay",5,54.8195,-2.8971,"Solar"
"United Kingdom","Land between Orton Park Farm",6.4,54.8753,-2.9876,"Solar"
"United Kingdom","Land east of Littledown Business Park",6.2,51.0195,-2.1882,"Solar"
"United Kingdom","Land north of Ashton Road",4,51.3219,-2.1549,"Solar"
"United Kingdom","Land of Green Lane",5.8,52.8755,-1.781,"Solar"
"United Kingdom","Land of coal pit lane",5,53.9275,-2.2596,"Solar"
"United Kingdom","Land off Ford Lane",4.7,51.3058,0.3443,"Solar"
"United Kingdom","Land off Hooklands Lane",5,50.9524,-0.3855,"Solar"
"United Kingdom","Land off Moss Land (resubmission)",5,53.8457,-2.7596,"Solar"
"United Kingdom","Land off Moss Side Lane (resubmission)",5,53.775,-2.9298,"Solar"
"United Kingdom","Land south of Brick Kiln Road",5,52.5526,1.2496,"Solar"
"United Kingdom","Land to North West of Lodge Farm (Park Farm)",4,51.6198,-2.9922,"Solar"
"United Kingdom","Land to the East of Burton Lane",2.6,52.8033,-1.1116,"Solar"
"United Kingdom","Land to the north and south of Cakers Lane (Wilsom)",11,51.1424,-0.9501,"Solar"
"United Kingdom","Land to the south of Hill Farm (resubmission)",6.8,52.2061,-0.9772,"Solar"
"United Kingdom","Land to the west of Ashfordby Business Park",3.5,52.7785,-0.938,"Solar"
"United Kingdom","Land west of Welton Road",4.4,54.8089,-3.0022,"Solar"
"United Kingdom","Landmead Farm (East Hanney)",46,51.644,-1.3736,"Solar"
"United Kingdom","Lands West of Belfast Road",10,54.6356,-6.1148,"Solar"
"United Kingdom","Langage Solar Farm",5,50.3891,-4.0089,"Solar"
"United Kingdom","Langar Lane",10,52.9027,-0.9508,"Solar"
"United Kingdom","Langenhoe Solar Farm",21.3,51.8141,0.9368,"Solar"
"United Kingdom","Langford Solar Farm",13.1835,52.0405,-0.2532,"Solar"
"United Kingdom","Langlands Solar Farm",2.1,50.8973,-3.3609,"Solar"
"United Kingdom","Langley Hall Farm",2.4,51.6633,-1.0978,"Solar"
"United Kingdom","Langley Priory Solar Farm",2.024,52.4485,1.6747,"Solar"
"United Kingdom","Langstone Court Road Solar Farm",2.5,51.6009,-2.9121,"Solar"
"United Kingdom","Langton (FIT)",4.3472,51.9647,-4.9931,"Solar"
"United Kingdom","Langunnett",6.174,50.3913,-4.596,"Solar"
"United Kingdom","Laughton Level",7,50.8684,0.1202,"Solar"
"United Kingdom","Lawrence End Park",5,51.8733,-0.3578,"Solar"
"United Kingdom","Ld NW Of Ratcliffe House Farm",3.5,52.5946,-1.5079,"Solar"
"United Kingdom","Lee Farm",5,50.6925,-1.4491,"Solar"
"United Kingdom","Lee Moor",4.9873,50.4472,-4.0131,"Solar"
"United Kingdom","Leverton Ings",12,53.0199,0.0633,"Solar"
"United Kingdom","Liddeston Ridge Solar Park (Milford Haven)",5,51.7184,-5.0439,"Solar"
"United Kingdom","Limberlost",1.594,51.3811,-1.2325,"Solar"
"United Kingdom","Limes Farm Wickham Solar",5.7551,52.7739,-0.3186,"Solar"
"United Kingdom","Lincoln Farm",11.4,53.1427,0.2023,"Solar"
"United Kingdom","Lindridge Farm",5,52.6427,-1.3116,"Solar"
"United Kingdom","Little Irchester",4.67896,52.2894,-0.6548,"Solar"
"United Kingdom","Little Morton Solar Farm",14.3,53.3039,-0.9932,"Solar"
"United Kingdom","Little White Alice Solar Park",1.3,50.1707,-5.2253,"Solar"
"United Kingdom","Littlebourne",17,51.2738,1.1439,"Solar"
"United Kingdom","Littleton",12.1,50.8449,-2.1671,"Solar"
"United Kingdom","Littlewood Farm",14,52.1267,-0.8052,"Solar"
"United Kingdom","Littlewood Lane Solar",5,53.1812,-1.2038,"Solar"
"United Kingdom","Liverton Farm",4.8,50.6339,-3.3711,"Solar"
"United Kingdom","Llancayo Solar Farm",3.9,51.7227,-2.9165,"Solar"
"United Kingdom","Llwyn Du Solar Farm",8,52.1084,-4.5236,"Solar"
"United Kingdom","Lodge Farm (Broughton)",2.4,52.3703,-0.1314,"Solar"
"United Kingdom","Lodge Farm (Poulshot)",14.5,51.6176,-2.0531,"Solar"
"United Kingdom","Lodge Farm - Orston",12.4,52.966,-0.8324,"Solar"
"United Kingdom","London Southend Airport (resubmission)",2.5,51.5755,0.6938,"Solar"
"United Kingdom","Long Meadow Farm",4.1,51.8452,-0.6478,"Solar"
"United Kingdom","Long Sutton Butterfly And Wildlife Park",1.7,52.79,0.1348,"Solar"
"United Kingdom","Long Sutton Butterfly And Wildlife Park (extension)",1,52.7904,0.1359,"Solar"
"United Kingdom","Lount solar farm",2.8,52.7561,-1.4405,"Solar"
"United Kingdom","Lovedean Farm",4.5,50.9121,-1.0341,"Solar"
"United Kingdom","Lower Basset Down Farm",10.5,51.5245,-1.7914,"Solar"
"United Kingdom","Lower Bodiniel Farm",5,50.48,-4.7383,"Solar"
"United Kingdom","Lower Coombe Farm (Bean Field)",1,50.8832,-2.8379,"Solar"
"United Kingdom","Lower Coombe Farm Solar",1,50.8852,-2.8311,"Solar"
"United Kingdom","Lower End Farm",4.9,51.3066,-2.0387,"Solar"
"United Kingdom","Lower House",8.22,51.7342,-2.9459,"Solar"
"United Kingdom","Lower Marsh Farm",5,51.0667,-3.1167,"Solar"
"United Kingdom","Lower Pennington Farm",2.7,50.74,-1.5529,"Solar"
"United Kingdom","Lower Severalls Farm",10.8,50.8989,-2.7772,"Solar"
"United Kingdom","Lower Slade Farm",4.1,50.2933,-3.7671,"Solar"
"United Kingdom","Lower Stanley Farm",4,51.9799,-1.9979,"Solar"
"United Kingdom","Lower Ufford Lane",1.1,52.1366,1.3657,"Solar"
"United Kingdom","Lower Venn Farm",5,52.1386,-2.6694,"Solar"
"United Kingdom","Lowther Farms",1.8,52.3599,-1.0243,"Solar"
"United Kingdom","Luscott Barton",13,51.1105,-4.1205,"Solar"
"United Kingdom","Luson Farm",1.9,50.3617,-3.9413,"Solar"
"United Kingdom","Lynt Farm",27,51.6625,-1.7004,"Solar"
"United Kingdom","Lyreco - Telford Distribution Centre",3.8,52.706,-2.4221,"Solar"
"United Kingdom","MALMAYNES HALL FARM",12,51.4551,0.6142,"Solar"
"United Kingdom","MMD Shipping Services",1.2,50.8102,-1.09,"Solar"
"United Kingdom","MOD Lyneham",69.8,51.5066,-1.968,"Solar"
"United Kingdom","Mackies Dairy PV",1.8,57.3779,-2.3891,"Solar"
"United Kingdom","Maes Bach",4.5594,51.5639,-3.2916,"Solar"
"United Kingdom","Maesgwyn solar farm",7.5,51.7658,-3.6212,"Solar"
"United Kingdom","Majors Hill/Turners Hill Solar Farm",1.1,51.1104,-0.1088,"Solar"
"United Kingdom","Malmesbury Solar",5,51.6243,-2.1089,"Solar"
"United Kingdom","Manmoel Road Solar Park",4.1,51.7037,-3.1793,"Solar"
"United Kingdom","Manor Farm (Castle Cary)",1.8,51.0806,-2.5102,"Solar"
"United Kingdom","Manor Farm (Dorset)",5,51.0541,-2.3179,"Solar"
"United Kingdom","Manor Farm (Horton)",5,52.1752,-0.7804,"Solar"
"United Kingdom","Manor Farm (Keinton Mandeville)",1,51.0696,-2.6409,"Solar"
"United Kingdom","Manor Farm (Monmouthshire)",10.5,51.8346,-2.9253,"Solar"
"United Kingdom","Manor Farm (Wiltshire) - resubmission",6.3,51.4095,-2.2189,"Solar"
"United Kingdom","Manor Farm - Pertenhall",15,52.2679,-0.4234,"Solar"
"United Kingdom","Manor Farm - Shripney",5,50.8148,-0.6825,"Solar"
"United Kingdom","Manor Farm Eggington",4.992,50.3371,-4.8363,"Solar"
"United Kingdom","Manston",9.831,51.3519,1.3674,"Solar"
"United Kingdom","Manston Solar Farm extension (Westwood)",9.2,51.3519,1.3745,"Solar"
"United Kingdom","Marchington Solar Farm",4.3,52.878,-1.832,"Solar"
"United Kingdom","Margate",3.366,50.4671,-4.6976,"Solar"
"United Kingdom","Marley Thatch Solar Farm",6.3,50.4248,-3.8093,"Solar"
"United Kingdom","Marsh Farm",14,51.6264,-2.1108,"Solar"
"United Kingdom","Marsh Farm Hilperton",9.1,51.3422,-2.1856,"Solar"
"United Kingdom","Marsh House Solar Park",5.5,51.2056,-0.8486,"Solar"
"United Kingdom","Marshborough Farm solar park (resubmission)",5,51.2774,1.3072,"Solar"
"United Kingdom","Marshwood Farm",1.8,50.8394,-2.937,"Solar"
"United Kingdom","Marston",4.51136,52.9692,-0.6907,"Solar"
"United Kingdom","Meadow Farm (Thorpe Lanton)",4.998,52.5433,0.544,"Solar"
"United Kingdom","Mendennick Solar",2.64,50.355,-4.2407,"Solar"
"United Kingdom","Merston",4.999,50.8181,-0.7317,"Solar"
"United Kingdom","Mid Suffolk Home Solar Scheme",4.8,52.1541,1.0391,"Solar"
"United Kingdom","Middle Balbeggie",5,56.1479,-3.1467,"Solar"
"United Kingdom","Middle Treworder Farm",5,50.5036,-4.8437,"Solar"
"United Kingdom","Mill Farm (resubmission)",5,51.9074,-0.0466,"Solar"
"United Kingdom","Mill Hill Farm",5,54.0956,-1.0323,"Solar"
"United Kingdom","Millar Farm",7.21088,54.7415,-6.2388,"Solar"
"United Kingdom","Mingay Farm - extension",19.3,52.3351,0.1571,"Solar"
"United Kingdom","Misson Solar Farm",5,53.4454,-0.981,"Solar"
"United Kingdom","Molehill Farm",18,51.3566,1.0854,"Solar"
"United Kingdom","Moneystone Quarry Solar Farm (resubmission)",5,53.0133,-1.9333,"Solar"
"United Kingdom","Monksham Solar Farm",10.7,51.1846,-2.3358,"Solar"
"United Kingdom","Monty's Farm  Taunton",4.61032,51.0319,-3.1666,"Solar"
"United Kingdom","Moorhouse Farm",5,54.614,-3.53,"Solar"
"United Kingdom","Moorhouse Lane - resubmission",1.8,51.5149,-2.6576,"Solar"
"United Kingdom","Morfa Farm",2,51.4216,-3.4977,"Solar"
"United Kingdom","Morrisons roof mounted solar",2,51.3717,0.7454,"Solar"
"United Kingdom","Morton House (Marchington)",6.2,52.8738,-1.7764,"Solar"
"United Kingdom","Morton Wood Farm",4.8,52.1813,-1.9568,"Solar"
"United Kingdom","Moss Thorn Farm",5.8,54.6678,-2.7983,"Solar"
"United Kingdom","Mount Farm",22,52.0719,-1.9102,"Solar"
"United Kingdom","Mount Mill Farm - resubmission",12,52.0394,-0.8943,"Solar"
"United Kingdom","Munceys Farm",31.6,52.0649,0.011,"Solar"
"United Kingdom","NI Cluster Lough Road",5.39904,54.5584,-6.1909,"Solar"
"United Kingdom","NI Cluster Moira Road",5.93712,54.6077,-6.1899,"Solar"
"United Kingdom","NOTTINGTON LANE SOLAR FARM",5,50.6433,-2.5063,"Solar"
"United Kingdom","Nancrossa Farm solar park",6,50.1601,-5.1833,"Solar"
"United Kingdom","Nanteague Farm",7.7,50.3062,-5.0951,"Solar"
"United Kingdom","Nanterrow Farm",4.7,50.2179,-5.3681,"Solar"
"United Kingdom","Nanthenfoel Farms",5,52.1511,-4.1352,"Solar"
"United Kingdom","Natewood Farm",8.9,50.845,0.2357,"Solar"
"United Kingdom","Nectar Way Regional Distribution Centre",1,52.22,-0.9617,"Solar"
"United Kingdom","Nefyn (Tyddyn Cae)",4.92154,52.9138,-4.4789,"Solar"
"United Kingdom","Nether Mill Farm (resubmission)",3.1,50.8993,-3.3952,"Solar"
"United Kingdom","Netherfield Lane",19.7,53.2311,-1.0914,"Solar"
"United Kingdom","New Mains of Guynd",3.98784,56.574,-2.7091,"Solar"
"United Kingdom","New Rendy Farm",4.8,51.0074,-3.2012,"Solar"
"United Kingdom","New Row Farm",3.9,51.2042,-2.5281,"Solar"
"United Kingdom","New Stone House",12.5,51.868,-1.1824,"Solar"
"United Kingdom","Newlands Farm (East Devon)",5,50.7726,-2.951,"Solar"
"United Kingdom","Newlands Farm Solar Park",4.99928,50.8313,-1.1961,"Solar"
"United Kingdom","Newnham Estate",14,50.4085,-4.0295,"Solar"
"United Kingdom","Newnton Dairy",7.176,51.6265,-2.113,"Solar"
"United Kingdom","Newport (Began Road)",4.9,51.5508,-3.1003,"Solar"
"United Kingdom","Newton Downs Farm",5,50.3264,-4.0303,"Solar"
"United Kingdom","Newton Ferrers",19.501,50.4741,-4.3163,"Solar"
"United Kingdom","Newton Margate",1.5,50.4709,-4.6998,"Solar"
"United Kingdom","Next Distribution Centre Doncaster",2.5,53.538,-1.0335,"Solar"
"United Kingdom","Ninnis Farm Solar",5,50.3197,-4.8354,"Solar"
"United Kingdom","Nissan Test Track",4.8,54.9206,-1.4669,"Solar"
"United Kingdom","Norrington",11.145,51.3833,-2.1701,"Solar"
"United Kingdom","North Creake Airfield (Resubmission)",20,52.9057,0.8302,"Solar"
"United Kingdom","North East of Ainderby Steeple",5.9,54.3236,-1.4877,"Solar"
"United Kingdom","North Farm (Spetisbury)",11.6,50.8182,-2.1698,"Solar"
"United Kingdom","North Norfolk Business Centre Solar Park",11,52.9011,1.307,"Solar"
"United Kingdom","North Of Field Barn",1,52.03,-1.4748,"Solar"
"United Kingdom","North Tenement",5,51.7771,-4.9882,"Solar"
"United Kingdom","North Wayton Farm",5,50.442,-4.217,"Solar"
"United Kingdom","North of Newton Farm",3,50.7449,-2.0951,"Solar"
"United Kingdom","Northmoor",5,50.751,-4.4506,"Solar"
"United Kingdom","Northwick Estate (Extension)",2.2,52.0196,-1.8032,"Solar"
"United Kingdom","Norton Hall",2.8,52.1011,-1.787,"Solar"
"United Kingdom","Nova Scotia Farm solar park",13.9,52.6618,1.7012,"Solar"
"United Kingdom","Nowhere Farm",8.1,52.9259,-0.1057,"Solar"
"United Kingdom","Oak Cottage",4.8672,51.8233,-4.8613,"Solar"
"United Kingdom","Oak Grove Farm",5.7,51.6107,-2.7209,"Solar"
"United Kingdom","Oakfield Farm",5,53.7719,-2.8103,"Solar"
"United Kingdom","Oakfield Farm - extension",1.7,53.7722,-2.8066,"Solar"
"United Kingdom","Oakham",4.639,51.5458,-2.5796,"Solar"
"United Kingdom","Oaklands Farm - resubmission",6.9,51.1682,0.8078,"Solar"
"United Kingdom","Oaklands Plantation",5,50.7055,-2.1436,"Solar"
"United Kingdom","Odell Glebe Solar Farm",16.8,52.2317,-0.5968,"Solar"
"United Kingdom","Office Field",7.2,50.7569,-1.7037,"Solar"
"United Kingdom","Old Rides solar Farm",8,51.3929,0.8695,"Solar"
"United Kingdom","Orchard Farm",10,51.3698,0.6989,"Solar"
"United Kingdom","Otherton Farm",4,52.1854,-2.2862,"Solar"
"United Kingdom","Oulton Airfield Solar Farm (Phase 1)",5,52.7975,1.1839,"Solar"
"United Kingdom","Outwood Farm (Phase 1)",5,51.6219,0.4467,"Solar"
"United Kingdom","Overton Solar Park",3.75232,51.2497,-1.2739,"Solar"
"United Kingdom","Oving Solar Farm",5,50.8373,-0.7054,"Solar"
"United Kingdom","Owl's Hatch Solar Park",51.9376,51.3516,1.0986,"Solar"
"United Kingdom","Owls Lodge",10.00465,51.1843,-1.3737,"Solar"
"United Kingdom","Owls Lodge Farm Extension",5,51.1876,-1.3674,"Solar"
"United Kingdom","Oxcroft",4.189,53.2639,-1.3044,"Solar"
"United Kingdom","PARK WOOD SOLAR FARM",5,51.1052,-2.6728,"Solar"
"United Kingdom","Packington Solar Farm",13.9,52.7073,-1.4725,"Solar"
"United Kingdom","Paddock Wood",9.2,51.1726,0.412,"Solar"
"United Kingdom","Padleywood Farm",5,53.1481,-1.387,"Solar"
"United Kingdom","Pant-Y-Moch Farm",5,51.5998,-3.7646,"Solar"
"United Kingdom","Parabel North Beer Solar Farm",6.8,50.7013,-4.4025,"Solar"
"United Kingdom","Parc Cynog",5,51.7592,-4.5337,"Solar"
"United Kingdom","Parciau Farm Solar Park",13.9,53.1653,-4.2414,"Solar"
"United Kingdom","Parham Airfield (Great Glenham)",17.5,52.1965,1.4101,"Solar"
"United Kingdom","Park Farm",4,50.8059,-0.717,"Solar"
"United Kingdom","Park Wall Solar Park",5,51.1195,-2.971,"Solar"
"United Kingdom","ParkerSteel Shoreham Plant",1.8,50.8281,-0.2152,"Solar"
"United Kingdom","Parkhouse Corner (Orta Solar)",6.6,51.1955,-1.6752,"Solar"
"United Kingdom","Parklands",4.6,51.5574,-2.5519,"Solar"
"United Kingdom","Parkview solar park",6.5,50.5047,-3.7497,"Solar"
"United Kingdom","Partridge Farm",10.6,51.1022,0.9765,"Solar"
"United Kingdom","Pashley Farm",11.5,50.8732,0.4275,"Solar"
"United Kingdom","Pen Rhiw",4.748005,51.6725,-3.3811,"Solar"
"United Kingdom","Pen-Y-Cae",6.76227,51.7874,-4.0291,"Solar"
"United Kingdom","Penare Farm Solar Farm",11,50.3037,-5.0755,"Solar"
"United Kingdom","Pencoose",8.145,50.1987,-5.1691,"Solar"
"United Kingdom","Pennington Recycling Centre",1.2,50.7387,-1.5632,"Solar"
"United Kingdom","Penrhiwarwydd Farm",8.5,51.6327,-3.1582,"Solar"
"United Kingdom","Pensipple Farm",5,50.4073,-4.4518,"Solar"
"United Kingdom","Pentre farm",5.5,51.7587,-4.1224,"Solar"
"United Kingdom","Pentylands Farm",19,51.653,-1.7305,"Solar"
"United Kingdom","Penycae Solar Farm",5,52.9888,-3.0596,"Solar"
"United Kingdom","Peterlee Solar Farm",5,54.7752,-1.3655,"Solar"
"United Kingdom","Pierces Farm",1.74,51.4006,-1.0222,"Solar"
"United Kingdom","Pingewood Road South",15.8,51.4175,-1.0144,"Solar"
"United Kingdom","Pingry Farm - Phase 1",3.4,51.7819,-2.623,"Solar"
"United Kingdom","Pingry Farm - Phase 2",3.4,51.7819,-2.623,"Solar"
"United Kingdom","Pinguin Foods",1.5,52.9651,-0.0195,"Solar"
"United Kingdom","Pitchford",10.2,52.6223,-2.7131,"Solar"
"United Kingdom","Pitts Farm (revised application)",2.6,51.2138,-2.5858,"Solar"
"United Kingdom","Pitworthy Farm Solar Park",18,50.8214,-4.4275,"Solar"
"United Kingdom","Place Barton Farm",4.9,50.3601,-3.7473,"Solar"
"United Kingdom","Playters",8.6295,52.4393,1.5874,"Solar"
"United Kingdom","Pollington Solar Farm",5,53.6821,-1.0867,"Solar"
"United Kingdom","Polmaugan Farm",5,50.4295,-4.6633,"Solar"
"United Kingdom","Pond Farm Solar Farm",3.60354,52.9011,1.1682,"Solar"
"United Kingdom","Pont Andrew",1.5443,51.7753,-4.1376,"Solar"
"United Kingdom","Popehill Farm",5,51.7737,-4.9877,"Solar"
"United Kingdom","Port of Barry (Resubmission) - Site 1",4.5,51.3962,-3.2543,"Solar"
"United Kingdom","Port of Barry (Resubmission) - Site 2",5,51.3962,-3.2543,"Solar"
"United Kingdom","Porvair International Ltd",1.8,52.77,0.3876,"Solar"
"United Kingdom","Potters Bar Solar Farm",5,51.7091,-0.2051,"Solar"
"United Kingdom","Pressock Farm",5,56.635,-2.7043,"Solar"
"United Kingdom","Prestop Park",15.852,52.7568,-1.499,"Solar"
"United Kingdom","Priest Weston",1,52.5693,-3.0504,"Solar"
"United Kingdom","Primrose Hill",4.3452,53.2743,-0.2944,"Solar"
"United Kingdom","Priors Byne Farm",7.6,50.9463,-0.3422,"Solar"
"United Kingdom","Promens",1.648525,52.4375,1.5957,"Solar"
"United Kingdom","Puriton",4.5677,51.1757,-2.9675,"Solar"
"United Kingdom","Puriton Landfill Solar Farm",11.4,51.1788,-2.9784,"Solar"
"United Kingdom","Pyde Drove",7,51.1781,-2.9237,"Solar"
"United Kingdom","Pylle Southern solar park (Lower Easton Farm)",5,51.1463,-2.5395,"Solar"
"United Kingdom","QE2 Reservoir",6.33765,51.3897,-0.3096,"Solar"
"United Kingdom","ROOKERY FARM SOLAR FARM",5.3,52.3184,-0.3831,"Solar"
"United Kingdom","RUDGE FARM SOLAR FARM",7,51.4204,-1.6067,"Solar"
"United Kingdom","Race farm",6.1,50.7482,-2.0614,"Solar"
"United Kingdom","Radcliffe",4.1574,52.9356,-1.0591,"Solar"
"United Kingdom","Raglington Farm Solar Park",4.6452,50.9179,-1.2323,"Solar"
"United Kingdom","Rainbow",4.7907,52.0702,-1.861,"Solar"
"United Kingdom","Rampisham North",5,50.8099,-2.6388,"Solar"
"United Kingdom","Ravens Close",5,54.1308,-2.552,"Solar"
"United Kingdom","Raventhorpe Farm",38,53.5604,-0.5813,"Solar"
"United Kingdom","Reaches Farm Solar Park",6.1,52.5594,0.5641,"Solar"
"United Kingdom","Rectory Farm/Emberton",9,52.1367,-0.6927,"Solar"
"United Kingdom","Red Hill Farm",4.8,50.9549,-3.3028,"Solar"
"United Kingdom","Redcourt Farm",3.3,51.8493,-4.3548,"Solar"
"United Kingdom","Redhall Industrial Estate",5,53.6967,-0.0637,"Solar"
"United Kingdom","Redlands Farm",6.2,51.1129,-2.8192,"Solar"
"United Kingdom","Rew Farm Solar Farm",6.1,50.4189,-4.6895,"Solar"
"United Kingdom","Rexton Cross",2,50.6755,-4.2466,"Solar"
"United Kingdom","Reydon Farm (resubmission)",3.9,52.3403,1.6467,"Solar"
"United Kingdom","Rhewl Farm",6,51.634,-2.7312,"Solar"
"United Kingdom","Rhosygilwen Solar Farm",1,52.0352,-4.6212,"Solar"
"United Kingdom","Rhug Estate",1.2,52.9875,-3.4446,"Solar"
"United Kingdom","Rhyd-y-Pandy Solar Farm",6,51.6965,-3.9394,"Solar"
"United Kingdom","Rickfield Farm solar park",1,52.0035,-1.4136,"Solar"
"United Kingdom","Ring O Bells Farm",5,51.489,-2.3961,"Solar"
"United Kingdom","Roanhead Farm",6.5,54.1745,-3.2097,"Solar"
"United Kingdom","Rock Farm / Goldborough Farm (Rookwood)",5,51.5196,-1.8807,"Solar"
"United Kingdom","Rodbourne Rail Farm - Solar Park",7.6,51.5612,-2.0994,"Solar"
"United Kingdom","Rolleston Park Farm",18.7,52.8397,-1.6854,"Solar"
"United Kingdom","Rolls Royce Filton Campus Building 184",1.4,51.5246,-2.5713,"Solar"
"United Kingdom","Rolls Royce Filton Campus Building 185",1.8,51.5246,-2.5713,"Solar"
"United Kingdom","Rookery Business Park",5,52.5353,1.0661,"Solar"
"United Kingdom","Rookery Farm",3.8,50.8061,-0.6235,"Solar"
"United Kingdom","Rose And Crown Farm",30,52.7121,0.1965,"Solar"
"United Kingdom","Rosedew Farm",5,51.3976,-3.4707,"Solar"
"United Kingdom","Roskrow Farm",8.9,50.1808,-5.1326,"Solar"
"United Kingdom","Rotherdale Farm",5,52.1525,-2.0465,"Solar"
"United Kingdom","Rotherdale Farm - extension",9,52.1536,-2.0341,"Solar"
"United Kingdom","Roundponds Farm Solar Park",13.5,51.3801,-2.1627,"Solar"
"United Kingdom","Roves Farm (Solar) - resubmission",12.7,51.5978,-1.6983,"Solar"
"United Kingdom","Rowles Farm solar park",13,51.8441,-1.2258,"Solar"
"United Kingdom","Royston Solar Farm (Phase 1) (a)",5,52.065,-0.0223,"Solar"
"United Kingdom","Rudbaxton Solar Park",10.8,51.8501,-4.9524,"Solar"
"United Kingdom","Rudge Hill Farm",1.01886,50.9129,-2.3126,"Solar"
"United Kingdom","Rufford Lane",2.6,53.1881,-1.0072,"Solar"
"United Kingdom","Rushmoor Lane Farm (Cheshire Coppice)",5,52.7272,-2.5528,"Solar"
"United Kingdom","Rydon Farm",12,50.5068,-3.6353,"Solar"
"United Kingdom","Ryston Estate Solar Park",4.8,52.5944,0.3953,"Solar"
"United Kingdom","SAUNDERCROFT SOLAR FARM",7,50.765,-3.3985,"Solar"
"United Kingdom","SPD 2 Hall Farm",14.9147,52.4976,1.3092,"Solar"
"United Kingdom","SPD 3 Grange Farm",9.49544,53.144,-0.1605,"Solar"
"United Kingdom","SPD 4 Gelliwern",6.24,51.7,-3.9928,"Solar"
"United Kingdom","STRETE FARM SOLAR FARM",4.8,50.7459,-3.3587,"Solar"
"United Kingdom","Safeguard Bradwall",4.997475,53.1589,-2.3824,"Solar"
"United Kingdom","Salcey Farm",5.46156,52.1466,-0.7565,"Solar"
"United Kingdom","Salford Lodge",5,52.1567,-1.9314,"Solar"
"United Kingdom","Salford Road",1.6,53.5799,-2.4269,"Solar"
"United Kingdom","Salford Road Solar Farm (resubmission)",2.2,53.2189,-1.915,"Solar"
"United Kingdom","Salhouse Solar Farm",5,52.6887,1.4,"Solar"
"United Kingdom","Sandhill Solar Park",2,51.0605,-3.1973,"Solar"
"United Kingdom","Sandys Moor",2.9,51.0385,-3.3063,"Solar"
"United Kingdom","Saron",6.33258,51.7953,-4.0184,"Solar"
"United Kingdom","Sawmills Solar Farm",6.5,50.5921,-3.5337,"Solar"
"United Kingdom","Saxley Farm",5,51.161,-1.5363,"Solar"
"United Kingdom","Says Court",19.807,51.5336,-2.4494,"Solar"
"United Kingdom","School Aycliffe",5,54.6077,-1.5968,"Solar"
"United Kingdom","Screwfix Direct",2.5,52.9752,-2.171,"Solar"
"United Kingdom","Seaton Road Solar Farm",4,52.5853,-0.709,"Solar"
"United Kingdom","Seaview Farm",1.7,51.4955,-3.6958,"Solar"
"United Kingdom","Sedbury Park",5,51.639,-2.6551,"Solar"
"United Kingdom","Severn Road Solar Park",1.8,51.5325,-2.6689,"Solar"
"United Kingdom","Sevor Farm",9.3,51.5923,-1.7161,"Solar"
"United Kingdom","Shacks Barn Solar Farm",5,52.1021,-1.0049,"Solar"
"United Kingdom","Sharland Farm",2.8,50.8418,-3.7608,"Solar"
"United Kingdom","Sheepbridge Court Farm",8,51.3895,-0.961,"Solar"
"United Kingdom","Shelswell",5.06331,51.974,-1.116,"Solar"
"United Kingdom","Sherburn",5,54.1793,-0.525,"Solar"
"United Kingdom","Sheriffhales",5,52.7067,-2.3689,"Solar"
"United Kingdom","Shipton Bellinger - Park House Corner Solar Farm",5.4,51.1947,-1.666,"Solar"
"United Kingdom","Shoals Hook Farm",12.1,51.8135,-4.9417,"Solar"
"United Kingdom","Shooters Bottom Solar Park",7,51.2588,-2.5864,"Solar"
"United Kingdom","Short Hazel Solar Farm",5,52.7755,-1.5111,"Solar"
"United Kingdom","Shortheath Solar Park",5,52.7305,-1.5524,"Solar"
"United Kingdom","Shotwick",72.209,53.2409,-3.0227,"Solar"
"United Kingdom","Site To North East Of  Lochcraigs Farm",5,55.6575,-4.7432,"Solar"
"United Kingdom","Six Hills Solar Farm",18.7,52.7806,-1.0262,"Solar"
"United Kingdom","Skegness",10.684,53.148,0.2348,"Solar"
"United Kingdom","Skegness Solar Park",4.9,53.1551,0.2965,"Solar"
"United Kingdom","Skylark",4.93885,52.2012,-0.0735,"Solar"
"United Kingdom","Slaughtergate Farm",1.8,51.0459,-2.3119,"Solar"
"United Kingdom","Smith Hall Farm Solar Park",5,53.0124,-1.6025,"Solar"
"United Kingdom","Snarlton Farm (Melksham solar farm)",49.6,51.3734,-2.0897,"Solar"
"United Kingdom","Snettisham Solar Farm",2.7,52.868,0.9202,"Solar"
"United Kingdom","Solar Farm at Fields Farm (Phase 1)",5,52.2449,-1.4102,"Solar"
"United Kingdom","Solar farm at land at The Willows  Uttoxeter",6.4,52.896,-1.8403,"Solar"
"United Kingdom","Somersal Mill Farm",2.6,52.916,-1.7946,"Solar"
"United Kingdom","Somerton Door Farm",8.7,51.0673,-2.7573,"Solar"
"United Kingdom","South Creake",26.001155,52.8619,0.7713,"Solar"
"United Kingdom","South Lees Farm",11,51.4017,0.8064,"Solar"
"United Kingdom","South Newton Farm",11.3,50.7355,-2.0976,"Solar"
"United Kingdom","South of Henley Hall",5,52.3809,-2.6753,"Solar"
"United Kingdom","Southbrook Solar Farm",5,51.5873,-2.7227,"Solar"
"United Kingdom","Southcombe Farm",1.2,50.8861,-4.2151,"Solar"
"United Kingdom","Southdown Quarry",1.5,50.3562,-4.202,"Solar"
"United Kingdom","Southern Counties Shooting Ground Phase 1 (resubmission)",9,50.8212,-2.5557,"Solar"
"United Kingdom","Southern Counties Shooting Ground Phase 2 (resubmission)",5,50.822,-2.5562,"Solar"
"United Kingdom","Southfield Solar Park",9.7614,51.0141,-2.6086,"Solar"
"United Kingdom","Southill Solar (resubmission)",4.5,51.8588,-1.475,"Solar"
"United Kingdom","Southwick Estate",48,50.8844,-1.0813,"Solar"
"United Kingdom","Spittleborough Farm",12,51.5464,-1.8814,"Solar"
"United Kingdom","Spriggs Farm",12,51.9671,0.3686,"Solar"
"United Kingdom","Springhill Solar Park (Northwick)",5,52.0188,-1.8025,"Solar"
"United Kingdom","St Columb Major Solar Farm",7,50.4229,-4.9278,"Solar"
"United Kingdom","St Francis",4.32531,50.8749,0.4534,"Solar"
"United Kingdom","St Helen's Lane",5,54.6741,-3.5263,"Solar"
"United Kingdom","Stables",1.966,50.6971,-1.422,"Solar"
"United Kingdom","Staining Wood Farm",4.9,53.7805,-2.9599,"Solar"
"United Kingdom","Stanton solar park",5,51.6183,-1.7514,"Solar"
"United Kingdom","Stantway Solar Farm",5,51.8212,-2.3998,"Solar"
"United Kingdom","Steventon",10.03917,51.6334,-1.3613,"Solar"
"United Kingdom","Stob House Farm",4.9,54.6333,-1.2958,"Solar"
"United Kingdom","Stokes Marsh Farm",16.6,51.3076,-2.0846,"Solar"
"United Kingdom","Stone Hill",2.6,50.9201,0.2268,"Solar"
"United Kingdom","Stonebarrow Farm",8,50.7855,-2.9249,"Solar"
"United Kingdom","Stonepit Farm",5,52.1339,-0.8471,"Solar"
"United Kingdom","Stoneshill Farm (resubmission)",5,50.8783,-3.3846,"Solar"
"United Kingdom","Stormy Down Solar Farm",3.8,51.512,-3.6708,"Solar"
"United Kingdom","Stowbridge Farm",24,52.329,0.2182,"Solar"
"United Kingdom","Stowbridge Farm - Extension (Phase 1)",10,52.331,0.2258,"Solar"
"United Kingdom","Stowbridge Farm - Extension (Phase 2)",10,52.3336,0.2256,"Solar"
"United Kingdom","Stragglethorpe",4.99928,52.9264,-1.0508,"Solar"
"United Kingdom","Stratton Hall Solar Park",11.6,52.0088,1.2869,"Solar"
"United Kingdom","Strettington Solar Farm",5,50.8571,-0.7298,"Solar"
"United Kingdom","Stripe",4.98,54.4175,-1.6989,"Solar"
"United Kingdom","Sudforth Lane (Kellingley Solar Farm)",5,53.7028,-1.2009,"Solar"
"United Kingdom","Summercourt Solar Farm (Glebe Farm)",1.1,50.3734,-4.9579,"Solar"
"United Kingdom","Summerway Drove",2,51.1227,-2.9657,"Solar"
"United Kingdom","Sundorne",18.226,52.7349,-2.708,"Solar"
"United Kingdom","Sutton Mawr Farm",7.5,51.4186,-3.327,"Solar"
"United Kingdom","Sutton Montis Road Solar Park / Sutton Bridge Solar Farm",5.4,51.0133,-2.5647,"Solar"
"United Kingdom","Sycamore Farm",20,50.9924,0.8763,"Solar"
"United Kingdom","Sytchwythy Fields",1.4,52.1008,-1.9146,"Solar"
"United Kingdom","Sywell (England)",4.99928,52.3033,-0.7775,"Solar"
"United Kingdom","Taplins Farm solar park",5.9,51.2885,-0.8835,"Solar"
"United Kingdom","Taunton Racecourse",1.5,50.9942,-3.0874,"Solar"
"United Kingdom","Tavells Lane Solar Farm",5.3,50.8941,-1.4585,"Solar"
"United Kingdom","Temple Normanton (England)",4.89398,53.2071,-1.3724,"Solar"
"United Kingdom","Tengore Lane - resubmission",3,51.0428,-2.792,"Solar"
"United Kingdom","Testwood Water Supply Works",1.9,50.9325,-1.4979,"Solar"
"United Kingdom","Thame solar farm",4.3,51.7478,-0.9348,"Solar"
"United Kingdom","Thameside DC",1,51.4924,0.027,"Solar"
"United Kingdom","The Breck",5,53.2813,-1.3619,"Solar"
"United Kingdom","The Elms",10.4,52.2142,-1.4455,"Solar"
"United Kingdom","The Flit",10.5,51.8046,-1.294,"Solar"
"United Kingdom","The Grange",8,51.372,-2.8763,"Solar"
"United Kingdom","The Kickles",5,52.0962,-0.7429,"Solar"
"United Kingdom","The Manor of Cadland Estate",5,50.8051,-1.3603,"Solar"
"United Kingdom","The Old Airfield",5,52.6919,1.1039,"Solar"
"United Kingdom","The Stables",1.8,52.5766,-1.4068,"Solar"
"United Kingdom","Thompson House Equestrian farm",5,53.5976,-2.684,"Solar"
"United Kingdom","Thornborough Grounds (England)",4.9929,52.0078,-0.9272,"Solar"
"United Kingdom","Thorne Farm",6.2,51.3386,1.3476,"Solar"
"United Kingdom","Thornton Lane",2.7,52.6843,-1.3142,"Solar"
"United Kingdom","Tiddiecross Solar Farm",10.5,52.7035,-2.5747,"Solar"
"United Kingdom","Tiers Cross Solar Farm",24,51.7491,-5.0407,"Solar"
"United Kingdom","Tilmanstone Colliery",10,51.2098,1.2764,"Solar"
"United Kingdom","Tiln Farm Retford (extension)",1.7,53.3482,-0.9281,"Solar"
"United Kingdom","Tiln Farm solar park",8,53.3468,-0.9294,"Solar"
"United Kingdom","Toggam Farm",12.5,52.4334,0.5009,"Solar"
"United Kingdom","Tollgate Farm",4.3,52.2347,-1.5442,"Solar"
"United Kingdom","Tonedale Farm",5,50.9798,-3.248,"Solar"
"United Kingdom","Tonge Corner Farm",22,51.3551,0.7808,"Solar"
"United Kingdom","Tooleys Farm",5.3,51.885,0.3944,"Solar"
"United Kingdom","Tower Hayes Farm",5,52.6852,-1.3175,"Solar"
"United Kingdom","Tower Hill Farm",8.1,51.5973,-2.4724,"Solar"
"United Kingdom","Towerbrook Farm (Banwell Solar Farm)",7.2,51.3315,-2.8547,"Solar"
"United Kingdom","Toyota Motor Manufacturing Uk - Deeside",3.8,53.2279,-3.0248,"Solar"
"United Kingdom","Toyota Solar Farm",4.6,52.8771,-1.5746,"Solar"
"United Kingdom","Tredinnick Fields",5.8,50.4067,-4.7582,"Solar"
"United Kingdom","Tredown Solar Farm",1.2,50.6102,-4.2707,"Solar"
"United Kingdom","Trefinnick",4.40363,50.5423,-4.3492,"Solar"
"United Kingdom","Trefullock Solar Farm",5,50.3666,-4.9565,"Solar"
"United Kingdom","Tregassow Farm - Solar Modules",6,50.3069,-5.0152,"Solar"
"United Kingdom","Treguff",3.736465,51.4308,-3.4073,"Solar"
"United Kingdom","Trehawke Barton (Doddycross) Solar Farm",9.1,50.4359,-4.3788,"Solar"
"United Kingdom","Trelow Farm",1.6,50.4899,-4.9298,"Solar"
"United Kingdom","Trench Farm",7.2,52.9454,-2.9179,"Solar"
"United Kingdom","Trenouth Farm",3.6,50.4944,-4.962,"Solar"
"United Kingdom","Trenoweth Solar Farm",2.5,50.3973,-4.7489,"Solar"
"United Kingdom","Trequite",10.988,50.4263,-4.3656,"Solar"
"United Kingdom","Treswarrow Solar Park",6.5,50.5679,-4.8498,"Solar"
"United Kingdom","Trethosa Farm Solar Park",4.8,50.3557,-4.8988,"Solar"
"United Kingdom","Trevemper",1.6999,50.3949,-5.0693,"Solar"
"United Kingdom","Triangle Solar Farm Park",10,52.3285,0.3173,"Solar"
"United Kingdom","Trickey Warren",4.63197,50.9269,-3.1381,"Solar"
"United Kingdom","Trigon Solar Farm",7,50.7108,-2.1739,"Solar"
"United Kingdom","Troughton Farm",30,51.9592,-2.1215,"Solar"
"United Kingdom","Trowle Common",5,51.3265,-2.2331,"Solar"
"United Kingdom","Tump Solar Farm",5,51.6451,-2.653,"Solar"
"United Kingdom","Turves Solar Farm (Resubmission)",5,52.5303,-0.0262,"Solar"
"United Kingdom","Turves/Burtnhouse Solar Farm extension",4.7,52.5295,-0.0262,"Solar"
"United Kingdom","Turweston Solar Farm",16.7,52.0328,-1.1053,"Solar"
"United Kingdom","Twemlows",10,52.9379,-2.6436,"Solar"
"United Kingdom","Twin Elm Solar Farm",1,51.358,-2.7959,"Solar"
"United Kingdom","Twin Yards Solar Farm",5,53.1188,-1.3214,"Solar"
"United Kingdom","UK Solar (Lower Newton) LLP",11.929,52.9473,-2.0203,"Solar"
"United Kingdom","Upper Clayhill",4.7492,50.9159,0.0554,"Solar"
"United Kingdom","Upper Farm solar park",12,51.1721,-1.0997,"Solar"
"United Kingdom","Upper Huntingford Farm",7.7,51.6436,-2.4065,"Solar"
"United Kingdom","Upper Meadowley Farm",10.7,52.5295,-2.4909,"Solar"
"United Kingdom","Upper Pant-Ysgawen Farm/Crumlin",4.9,51.6718,-3.1523,"Solar"
"United Kingdom","VENTNOR ROAD SOLAR PARK",4.8,50.642,-1.2043,"Solar"
"United Kingdom","Vantage Point",1.4,51.8676,-2.4853,"Solar"
"United Kingdom","Verwood Solar Farm",20.4,50.8652,-1.883,"Solar"
"United Kingdom","Vine Farm Solar Park",45,52.1112,-0.0691,"Solar"
"United Kingdom","Walkers Wood Solar Park",27,53.3124,-0.9997,"Solar"
"United Kingdom","Walland Farm",5,50.9758,-4.3468,"Solar"
"United Kingdom","Wally Corner Landfill Site",7,51.6574,-1.1619,"Solar"
"United Kingdom","Walmoor Farm solar park",4,53.3026,-0.9195,"Solar"
"United Kingdom","Walnut Yard (Phase 1)",1.8,52.7997,-1.3642,"Solar"
"United Kingdom","Waltham Point Distribution Centre",1.8,51.6794,-0.0088,"Solar"
"United Kingdom","Walton",1.78633,51.4041,-0.3977,"Solar"
"United Kingdom","Wambrook Farm",4.1,50.8744,-2.9875,"Solar"
"United Kingdom","Warleigh Barton Solar Farm",5,50.4344,-4.1618,"Solar"
"United Kingdom","Warrington Home Solar Scheme",5.3,53.3873,-2.6029,"Solar"
"United Kingdom","Watchfield Lawn",10.2,51.2253,-2.9446,"Solar"
"United Kingdom","Water Eaton Farm / Port Farm",34.8,51.6433,-1.8178,"Solar"
"United Kingdom","Waterditch Solar Farm",18,50.7592,-1.7518,"Solar"
"United Kingdom","Waterloo solar park",14.6,52.1493,-0.2563,"Solar"
"United Kingdom","Wedgehill Farm",13,50.8613,-1.9008,"Solar"
"United Kingdom","Week Farm Solar Park",3.3,50.9517,-4.1195,"Solar"
"United Kingdom","Welbeck",11.2608,53.2406,-1.108,"Solar"
"United Kingdom","Welbeck Colliery",9.6,53.2239,-1.1377,"Solar"
"United Kingdom","Wellingborough Solar Farm",8.5316,52.2816,-0.6938,"Solar"
"United Kingdom","West Bradley",1.029,50.9163,-3.5707,"Solar"
"United Kingdom","West Ditchen Farm (resubmission)",5,50.7238,-4.4054,"Solar"
"United Kingdom","West Farm",7.63,51.6987,-4.9012,"Solar"
"United Kingdom","West Hall Solar Farm",7,51.3949,-3.4049,"Solar"
"United Kingdom","West Hill Farm",2.4,51.1504,-4.1312,"Solar"
"United Kingdom","West Hill Farm (solar)",7.3,51.1461,-4.1377,"Solar"
"United Kingdom","West Kingsmill Farm Solar Park",1.6,50.4414,-4.243,"Solar"
"United Kingdom","West Raynham",49.9,52.7905,0.7448,"Solar"
"United Kingdom","West Strathore Solar Limited",5,56.1648,-3.151,"Solar"
"United Kingdom","West Venn Solar Farm (resubmission)",5,50.7544,-4.2994,"Solar"
"United Kingdom","West Woodlands",5,51.1948,-2.3184,"Solar"
"United Kingdom","Westbury (Closed) Landfill Site",3.5,51.273,-2.1608,"Solar"
"United Kingdom","Westcott Venture Park Phase 2 & 3",1.3,51.8454,-0.9557,"Solar"
"United Kingdom","Westerfield Farm - resubmission",12.5,51.7854,-1.6082,"Solar"
"United Kingdom","Western International Market",1.7,51.496,-0.4081,"Solar"
"United Kingdom","Westfield Farm",5,53.8726,-2.7654,"Solar"
"United Kingdom","Westmill Farm - PV",5,51.6188,-1.644,"Solar"
"United Kingdom","Westover Farm - resubmission",7,51.1621,-1.5062,"Solar"
"United Kingdom","Westwood",9.181,53.2228,-0.9266,"Solar"
"United Kingdom","Weycock Road",7,51.4178,-3.3075,"Solar"
"United Kingdom","Wheal Alfred Road Solar Farm",3.5,50.1769,-5.3872,"Solar"
"United Kingdom","Wheal Jane",1.42,50.2376,-5.1228,"Solar"
"United Kingdom","Wheat Leasows Solar Park",4,52.7207,-2.4863,"Solar"
"United Kingdom","Whiddon Farm",1,50.7524,-4.2773,"Solar"
"United Kingdom","Whitchurch",6.52,51.2799,-2.5256,"Solar"
"United Kingdom","Whitley (Ashcott Farm) Solar Park",7.5702,51.1303,-2.7953,"Solar"
"United Kingdom","Whitley Farm (2 of 2)",3.5,51.1285,-2.7844,"Solar"
"United Kingdom","Whitman Laboratories",1,51.006,-0.9515,"Solar"
"United Kingdom","Whitton Mawr",6,51.4413,-3.324,"Solar"
"United Kingdom","Wick Farm (Burnham on Crouch)",5,51.6272,0.843,"Solar"
"United Kingdom","Wick Farm Solar Park",14.6,51.2871,-2.9813,"Solar"
"United Kingdom","Wick Lane Solar Ltd",2.8,51.2698,-2.9624,"Solar"
"United Kingdom","Wickfield Farm",5,51.5415,-1.8708,"Solar"
"United Kingdom","Widehurst Farm",5,51.1593,0.5089,"Solar"
"United Kingdom","Wiggin Hill Solar Farm - Phase 1",6.8,52.3557,-0.0774,"Solar"
"United Kingdom","Wiggin Hill Solar Farm - Phase 2",4.1,52.356,-0.0785,"Solar"
"United Kingdom","Wilbees Farm (resubmission)",5,50.8404,0.1907,"Solar"
"United Kingdom","Wilburton",4.99,52.3449,0.1662,"Solar"
"United Kingdom","William's Farm",4.20464,53.029,-2.9213,"Solar"
"United Kingdom","Willsland Solar farm",3.2,50.8166,-4.13,"Solar"
"United Kingdom","Wilmingham Lane Solar Farm",7,50.6872,-1.4855,"Solar"
"United Kingdom","Wilsom Farm",11,51.1424,-0.9501,"Solar"
"United Kingdom","Wilton",9.484,50.4016,-4.3787,"Solar"
"United Kingdom","Winham Farm - resubmission",5,50.8245,-3.3974,"Solar"
"United Kingdom","Winnards Perch Solar Farm",3.8,50.4624,-4.9199,"Solar"
"United Kingdom","Winsdon Farm",5,50.698,-4.4494,"Solar"
"United Kingdom","Winterbrook",1.2,51.5868,-1.1314,"Solar"
"United Kingdom","Wisbech Solar Park",3.40472,52.6379,0.1621,"Solar"
"United Kingdom","Wisbridge Farm",9.3,52.008,-0.0134,"Solar"
"United Kingdom","Witches Solar Farm",5,51.9733,-2.6747,"Solar"
"United Kingdom","Wix Lodge",18.7,51.9128,1.1241,"Solar"
"United Kingdom","Woden Park",4.992,51.4679,-3.2432,"Solar"
"United Kingdom","Wogaston Solar Farm",5.3,51.6685,-5.0209,"Solar"
"United Kingdom","Wolseley National Distribution Centre",2,52.2736,-1.5357,"Solar"
"United Kingdom","Woodforde Farm",9,52.698,1.09,"Solar"
"United Kingdom","Woodlands Barton Solar Farm",4.9,50.4239,-4.8051,"Solar"
"United Kingdom","Woodlands Farm Solar Park",10,51.3252,1.124,"Solar"
"United Kingdom","Woodtown",2.719,50.7762,-1.8718,"Solar"
"United Kingdom","Woolbridge Solar Park",5,50.6886,-2.2235,"Solar"
"United Kingdom","Wormit Solar Farm",4,56.4157,-2.9627,"Solar"
"United Kingdom","Wraysbury Landfill",4.8,51.4478,-0.5433,"Solar"
"United Kingdom","Wrexham Social Housing PV",5.4,53.0409,-2.9899,"Solar"
"United Kingdom","Wroughton Airfield Solar Park",50,51.5104,-1.8124,"Solar"
"United Kingdom","Wyld Meadow Solar Park",4.8384,50.7792,-2.9354,"Solar"
"United Kingdom","Wymeswold Airfield",34,52.8033,-1.1116,"Solar"
"United Kingdom","Yarburgh",8.0861,53.4075,0.0188,"Solar"
"United Kingdom","Yardwall Manor",3,51.2217,-2.9116,"Solar"
"United Kingdom","Yerbeston Gate Farm",6.1,51.7473,-4.7945,"Solar"
"United Kingdom","Yorkley Solar Park",5,51.7459,-2.5356,"Solar"
